Entity,Code,Year,Population
Aachen,05313,2020,
Aachen,05354,2020,
Aachen,05313,2021,
Aachen,05354,2021,
Aachen,05313,2022,
Aachen,05354,2022,
Aachen,05313,2023,
Aachen,05354,2023,
Aachen,05313,2024,
Aachen,05354,2024,
Ahrweiler,07131,2020,130479.0
Ahrweiler,07131,2021,128146.0
Ahrweiler,07131,2022,127881.0
Ahrweiler,07131,2023,128546.0
Ahrweiler,07131,2024,129353.0
Aichach-Friedberg,09771,2020,135024.0
Aichach-Friedberg,09771,2021,135538.0
Aichach-Friedberg,09771,2022,135133.0
Aichach-Friedberg,09771,2023,136430.0
Aichach-Friedberg,09771,2024,136803.0
Alb-Donau-Kreis,08425,2020,198204.0
Alb-Donau-Kreis,08425,2021,199732.0
Alb-Donau-Kreis,08425,2022,200294.0
Alb-Donau-Kreis,08425,2023,201769.0
Alb-Donau-Kreis,08425,2024,202354.0
Altenburger Land,16077,2020,88356.0
Altenburger Land,16077,2021,87807.0
Altenburger Land,16077,2022,88034.0
Altenburger Land,16077,2023,87955.0
Altenburger Land,16077,2024,87508.0
Altenkirchen (Westerwald),07132,2020,129087.0
Altenkirchen (Westerwald),07132,2021,129261.0
Altenkirchen (Westerwald),07132,2022,131657.0
Altenkirchen (Westerwald),07132,2023,132149.0
Altenkirchen (Westerwald),07132,2024,132125.0
Altmarkkreis Salzwedel,15081,2020,82687.0
Altmarkkreis Salzwedel,15081,2021,81986.0
Altmarkkreis Salzwedel,15081,2022,81369.0
Altmarkkreis Salzwedel,15081,2023,80780.0
Altmarkkreis Salzwedel,15081,2024,79980.0
Altmarkkreis Salzwedel (bis 30.06.2007),15370,2020,
Altmarkkreis Salzwedel (bis 30.06.2007),15370,2021,
Altmarkkreis Salzwedel (bis 30.06.2007),15370,2022,
Altmarkkreis Salzwedel (bis 30.06.2007),15370,2023,
Altmarkkreis Salzwedel (bis 30.06.2007),15370,2024,
Altötting,09171,2020,111654.0
Altötting,09171,2021,112116.0
Altötting,09171,2022,112296.0
Altötting,09171,2023,113018.0
Altötting,09171,2024,113938.0
Alzey-Worms,07331,2020,130715.0
Alzey-Worms,07331,2021,131330.0
Alzey-Worms,07331,2022,129893.0
Alzey-Worms,07331,2023,130794.0
Alzey-Worms,07331,2024,131238.0
Amberg,09361,2020,42052.0
Amberg,09361,2021,41994.0
Amberg,09361,2022,42080.0
Amberg,09361,2023,42217.0
Amberg,09361,2024,42553.0
Amberg-Sulzbach,09371,2020,102998.0
Amberg-Sulzbach,09371,2021,103277.0
Amberg-Sulzbach,09371,2022,103621.0
Amberg-Sulzbach,09371,2023,104127.0
Amberg-Sulzbach,09371,2024,103982.0
Ammerland,03451,2020,125643.0
Ammerland,03451,2021,126475.0
Ammerland,03451,2022,126390.0
Ammerland,03451,2023,127292.0
Ammerland,03451,2024,127751.0
Anhalt-Bitterfeld,15082,2020,157217.0
Anhalt-Bitterfeld,15082,2021,155900.0
Anhalt-Bitterfeld,15082,2022,154366.0
Anhalt-Bitterfeld,15082,2023,153801.0
Anhalt-Bitterfeld,15082,2024,153035.0
Anhalt-Zerbst,15151,2020,
Anhalt-Zerbst,15151,2021,
Anhalt-Zerbst,15151,2022,
Anhalt-Zerbst,15151,2023,
Anhalt-Zerbst,15151,2024,
Annaberg,14171,2020,
Annaberg,14171,2021,
Annaberg,14171,2022,
Annaberg,14171,2023,
Annaberg,14171,2024,
Ansbach,09561,2020,41681.0
Ansbach,09571,2020,185316.0
Ansbach,09561,2021,41662.0
Ansbach,09571,2021,186279.0
Ansbach,09561,2022,39596.0
Ansbach,09571,2022,186359.0
Ansbach,09561,2023,39700.0
Ansbach,09571,2023,187340.0
Ansbach,09561,2024,40742.0
Ansbach,09571,2024,187633.0
Aschaffenburg,09661,2020,70858.0
Aschaffenburg,09671,2020,174658.0
Aschaffenburg,09661,2021,71381.0
Aschaffenburg,09671,2021,174965.0
Aschaffenburg,09661,2022,72054.0
Aschaffenburg,09671,2022,170651.0
Aschaffenburg,09661,2023,72554.0
Aschaffenburg,09671,2023,170856.0
Aschaffenburg,09661,2024,73091.0
Aschaffenburg,09671,2024,170945.0
Aschersleben-Staßfurt,15352,2020,
Aschersleben-Staßfurt,15352,2021,
Aschersleben-Staßfurt,15352,2022,
Aschersleben-Staßfurt,15352,2023,
Aschersleben-Staßfurt,15352,2024,
Aue-Schwarzenberg,14191,2020,
Aue-Schwarzenberg,14191,2021,
Aue-Schwarzenberg,14191,2022,
Aue-Schwarzenberg,14191,2023,
Aue-Schwarzenberg,14191,2024,
Augsburg,09761,2020,295830.0
Augsburg,09772,2020,255900.0
Augsburg,09761,2021,296478.0
Augsburg,09772,2021,257790.0
Augsburg,09761,2022,296706.0
Augsburg,09772,2022,259302.0
Augsburg,09761,2023,298972.0
Augsburg,09772,2023,261600.0
Augsburg,09761,2024,301105.0
Augsburg,09772,2024,262811.0
Aurich,03452,2020,190178.0
Aurich,03452,2021,190425.0
Aurich,03452,2022,188402.0
Aurich,03452,2023,188960.0
Aurich,03452,2024,188816.0
Bad Doberan,13051,2020,
Bad Doberan,13051,2021,
Bad Doberan,13051,2022,
Bad Doberan,13051,2023,
Bad Doberan,13051,2024,
Bad Dürkheim,07332,2020,133004.0
Bad Dürkheim,07332,2021,133206.0
Bad Dürkheim,07332,2022,134032.0
Bad Dürkheim,07332,2023,134221.0
Bad Dürkheim,07332,2024,134329.0
Bad Kissingen,09672,2020,103169.0
Bad Kissingen,09672,2021,103454.0
Bad Kissingen,09672,2022,103088.0
Bad Kissingen,09672,2023,103447.0
Bad Kissingen,09672,2024,103489.0
Bad Kreuznach,07133,2020,158746.0
Bad Kreuznach,07133,2021,159402.0
Bad Kreuznach,07133,2022,163979.0
Bad Kreuznach,07133,2023,164564.0
Bad Kreuznach,07133,2024,164748.0
Bad Tölz-Wolfratshausen,09173,2020,128212.0
Bad Tölz-Wolfratshausen,09173,2021,127919.0
Bad Tölz-Wolfratshausen,09173,2022,129062.0
Bad Tölz-Wolfratshausen,09173,2023,129787.0
Bad Tölz-Wolfratshausen,09173,2024,130248.0
Baden-Baden,08211,2020,55449.0
Baden-Baden,08211,2021,55527.0
Baden-Baden,08211,2022,56094.0
Baden-Baden,08211,2023,56526.0
Baden-Baden,08211,2024,56881.0
Bamberg,09461,2020,76674.0
Bamberg,09471,2020,147497.0
Bamberg,09461,2021,77749.0
Bamberg,09471,2021,147697.0
Bamberg,09461,2022,74405.0
Bamberg,09471,2022,147269.0
Bamberg,09461,2023,75087.0
Bamberg,09471,2023,148017.0
Bamberg,09461,2024,77150.0
Bamberg,09471,2024,147777.0
Barnim,12060,2020,187343.0
Barnim,12060,2021,188835.0
Barnim,12060,2022,191525.0
Barnim,12060,2023,192776.0
Barnim,12060,2024,194169.0
Bautzen,14272,2020,
Bautzen,14625,2020,298010.0
Bautzen,14272,2021,
Bautzen,14625,2021,296290.0
Bautzen,14272,2022,
Bautzen,14625,2022,295917.0
Bautzen,14272,2023,
Bautzen,14625,2023,294746.0
Bautzen,14272,2024,
Bautzen,14625,2024,292608.0
Bayreuth,09462,2020,74048.0
Bayreuth,09472,2020,103679.0
Bayreuth,09462,2021,73909.0
Bayreuth,09472,2021,103648.0
Bayreuth,09462,2022,72661.0
Bayreuth,09472,2022,103106.0
Bayreuth,09462,2023,73074.0
Bayreuth,09472,2023,103269.0
Bayreuth,09462,2024,72940.0
Bayreuth,09472,2024,103215.0
Berchtesgadener Land,09172,2020,106327.0
Berchtesgadener Land,09172,2021,106389.0
Berchtesgadener Land,09172,2022,104372.0
Berchtesgadener Land,09172,2023,105108.0
Berchtesgadener Land,09172,2024,105292.0
Bergstraße,06431,2020,271015.0
Bergstraße,06431,2021,271166.0
Bergstraße,06431,2022,273288.0
Bergstraße,06431,2023,274484.0
Bergstraße,06431,2024,274169.0
Berlin,11000,2020,3664088.0
Berlin,11000,2021,3677472.0
Berlin,11000,2022,3632853.0
Berlin,11000,2023,3662381.0
Berlin,11000,2024,3685265.0
Bernburg,15153,2020,
Bernburg,15153,2021,
Bernburg,15153,2022,
Bernburg,15153,2023,
Bernburg,15153,2024,
Bernkastel-Wittlich,07231,2020,112685.0
Bernkastel-Wittlich,07231,2021,113194.0
Bernkastel-Wittlich,07231,2022,113299.0
Bernkastel-Wittlich,07231,2023,113327.0
Bernkastel-Wittlich,07231,2024,113187.0
Biberach,08426,2020,202250.0
Biberach,08426,2021,203244.0
Biberach,08426,2022,205073.0
Biberach,08426,2023,206783.0
Biberach,08426,2024,207415.0
Bielefeld,05711,2020,333509.0
Bielefeld,05711,2021,334002.0
Bielefeld,05711,2022,331385.0
Bielefeld,05711,2023,331519.0
Bielefeld,05711,2024,331605.0
Birkenfeld,07134,2020,80830.0
Birkenfeld,07134,2021,80849.0
Birkenfeld,07134,2022,82350.0
Birkenfeld,07134,2023,82622.0
Birkenfeld,07134,2024,82611.0
Bitterfeld,15154,2020,
Bitterfeld,15154,2021,
Bitterfeld,15154,2022,
Bitterfeld,15154,2023,
Bitterfeld,15154,2024,
Bochum,05911,2020,364454.0
Bochum,05911,2021,363441.0
Bochum,05911,2022,356209.0
Bochum,05911,2023,357024.0
Bochum,05911,2024,358676.0
Bodenseekreis,08435,2020,217901.0
Bodenseekreis,08435,2021,218885.0
Bodenseekreis,08435,2022,219641.0
Bodenseekreis,08435,2023,221208.0
Bodenseekreis,08435,2024,220804.0
Bonn,05314,2020,330579.0
Bonn,05314,2021,331885.0
Bonn,05314,2022,322221.0
Bonn,05314,2023,321680.0
Bonn,05314,2024,323336.0
Borken,05554,2020,371898.0
Borken,05554,2021,373582.0
Borken,05554,2022,377154.0
Borken,05554,2023,379787.0
Borken,05554,2024,380796.0
Bottrop,05512,2020,117388.0
Bottrop,05512,2021,117311.0
Bottrop,05512,2022,118327.0
Bottrop,05512,2023,118912.0
Bottrop,05512,2024,118535.0
Brandenburg an der Havel,12051,2020,72040.0
Brandenburg an der Havel,12051,2021,72461.0
Brandenburg an der Havel,12051,2022,73612.0
Brandenburg an der Havel,12051,2023,73939.0
Brandenburg an der Havel,12051,2024,74113.0
Braunschweig,03101,2020,248561.0
Braunschweig,03101,2021,248823.0
Braunschweig,03101,2022,253194.0
Braunschweig,03101,2023,253527.0
Braunschweig,03101,2024,252962.0
Breisgau-Hochschwarzwald,08315,2020,264867.0
Breisgau-Hochschwarzwald,08315,2021,265792.0
Breisgau-Hochschwarzwald,08315,2022,269631.0
Breisgau-Hochschwarzwald,08315,2023,271977.0
Breisgau-Hochschwarzwald,08315,2024,272558.0
Bremen,04011,2020,566573.0
Bremen,04011,2021,563290.0
Bremen,04011,2022,576947.0
Bremen,04011,2023,584332.0
Bremen,04011,2024,586271.0
Bremerhaven,04012,2020,113557.0
Bremerhaven,04012,2021,113173.0
Bremerhaven,04012,2022,118811.0
Bremerhaven,04012,2023,118323.0
Bremerhaven,04012,2024,118610.0
Burgenlandkreis,15084,2020,177590.0
Burgenlandkreis,15084,2021,176333.0
Burgenlandkreis,15084,2022,175180.0
Burgenlandkreis,15084,2023,175217.0
Burgenlandkreis,15084,2024,173684.0
Burgenlandkreis (bis 30.06.2007),15256,2020,
Burgenlandkreis (bis 30.06.2007),15256,2021,
Burgenlandkreis (bis 30.06.2007),15256,2022,
Burgenlandkreis (bis 30.06.2007),15256,2023,
Burgenlandkreis (bis 30.06.2007),15256,2024,
Böblingen,08115,2020,392898.0
Böblingen,08115,2021,393195.0
Böblingen,08115,2022,391368.0
Böblingen,08115,2023,394261.0
Böblingen,08115,2024,395167.0
Börde,15083,2020,170567.0
Börde,15083,2021,170106.0
Börde,15083,2022,168952.0
Börde,15083,2023,168593.0
Börde,15083,2024,167924.0
Bördekreis (bis 30.06.2007),15355,2020,
Bördekreis (bis 30.06.2007),15355,2021,
Bördekreis (bis 30.06.2007),15355,2022,
Bördekreis (bis 30.06.2007),15355,2023,
Bördekreis (bis 30.06.2007),15355,2024,
Calw,08235,2020,160149.0
Calw,08235,2021,160686.0
Calw,08235,2022,160139.0
Calw,08235,2023,161181.0
Calw,08235,2024,161251.0
Celle,03351,2020,179386.0
Celle,03351,2021,179915.0
Celle,03351,2022,172477.0
Celle,03351,2023,172871.0
Celle,03351,2024,172449.0
Cham,09372,2020,128094.0
Cham,09372,2021,128444.0
Cham,09372,2022,127452.0
Cham,09372,2023,128230.0
Cham,09372,2024,128534.0
Chemnitz,14161,2020,
Chemnitz,14511,2020,244401.0
Chemnitz,14161,2021,
Chemnitz,14511,2021,243105.0
Chemnitz,14161,2022,
Chemnitz,14511,2022,242896.0
Chemnitz,14161,2023,
Chemnitz,14511,2023,245150.0
Chemnitz,14161,2024,
Chemnitz,14511,2024,245618.0
Chemnitzer Land,14173,2020,
Chemnitzer Land,14173,2021,
Chemnitzer Land,14173,2022,
Chemnitzer Land,14173,2023,
Chemnitzer Land,14173,2024,
Cloppenburg,03453,2020,172632.0
Cloppenburg,03453,2021,173980.0
Cloppenburg,03453,2022,175549.0
Cloppenburg,03453,2023,176540.0
Cloppenburg,03453,2024,177025.0
Coburg,09463,2020,40842.0
Coburg,09473,2020,86571.0
Coburg,09463,2021,40955.0
Coburg,09473,2021,86544.0
Coburg,09463,2022,40618.0
Coburg,09473,2022,84341.0
Coburg,09463,2023,40907.0
Coburg,09473,2023,84518.0
Coburg,09463,2024,41064.0
Coburg,09473,2024,84468.0
Cochem-Zell,07135,2020,61578.0
Cochem-Zell,07135,2021,61735.0
Cochem-Zell,07135,2022,61509.0
Cochem-Zell,07135,2023,61538.0
Cochem-Zell,07135,2024,61608.0
Coesfeld,05558,2020,220712.0
Coesfeld,05558,2021,221352.0
Coesfeld,05558,2022,224745.0
Coesfeld,05558,2023,226217.0
Coesfeld,05558,2024,227859.0
Cottbus,12052,2020,98693.0
Cottbus,12052,2021,98359.0
Cottbus,12052,2022,94250.0
Cottbus,12052,2023,94778.0
Cottbus,12052,2024,95123.0
Cuxhaven,03352,2020,198826.0
Cuxhaven,03352,2021,199603.0
Cuxhaven,03352,2022,198898.0
Cuxhaven,03352,2023,199390.0
Cuxhaven,03352,2024,198842.0
Dachau,09174,2020,155117.0
Dachau,09174,2021,155449.0
Dachau,09174,2022,151041.0
Dachau,09174,2023,151925.0
Dachau,09174,2024,153595.0
Dahme-Spreewald,12061,2020,173316.0
Dahme-Spreewald,12061,2021,175834.0
Dahme-Spreewald,12061,2022,176373.0
Dahme-Spreewald,12061,2023,177662.0
Dahme-Spreewald,12061,2024,178793.0
Darmstadt,06411,2020,159174.0
Darmstadt,06411,2021,159631.0
Darmstadt,06411,2022,162329.0
Darmstadt,06411,2023,164832.0
Darmstadt,06411,2024,167029.0
Darmstadt-Dieburg,06432,2020,297701.0
Darmstadt-Dieburg,06432,2021,296900.0
Darmstadt-Dieburg,06432,2022,300928.0
Darmstadt-Dieburg,06432,2023,302263.0
Darmstadt-Dieburg,06432,2024,302021.0
Deggendorf,09271,2020,119479.0
Deggendorf,09271,2021,120521.0
Deggendorf,09271,2022,120091.0
Deggendorf,09271,2023,121137.0
Deggendorf,09271,2024,121844.0
Delitzsch,14374,2020,
Delitzsch,14374,2021,
Delitzsch,14374,2022,
Delitzsch,14374,2023,
Delitzsch,14374,2024,
Delmenhorst,03401,2020,77503.0
Delmenhorst,03401,2021,77522.0
Delmenhorst,03401,2022,81148.0
Delmenhorst,03401,2023,81746.0
Delmenhorst,03401,2024,81406.0
Demmin,13052,2020,
Demmin,13052,2021,
Demmin,13052,2022,
Demmin,13052,2023,
Demmin,13052,2024,
Dessau,15101,2020,
Dessau,15101,2021,
Dessau,15101,2022,
Dessau,15101,2023,
Dessau,15101,2024,
Dessau-Roßlau,15001,2020,79354.0
Dessau-Roßlau,15001,2021,78731.0
Dessau-Roßlau,15001,2022,76042.0
Dessau-Roßlau,15001,2023,76062.0
Dessau-Roßlau,15001,2024,75402.0
Diepholz,03251,2020,218072.0
Diepholz,03251,2021,218839.0
Diepholz,03251,2022,219641.0
Diepholz,03251,2023,220743.0
Diepholz,03251,2024,221202.0
Dillingen an der Donau,09773,2020,97172.0
Dillingen an der Donau,09773,2021,97985.0
Dillingen an der Donau,09773,2022,97430.0
Dillingen an der Donau,09773,2023,98474.0
Dillingen an der Donau,09773,2024,98899.0
Dingolfing-Landau,09279,2020,97244.0
Dingolfing-Landau,09279,2021,98045.0
Dingolfing-Landau,09279,2022,99509.0
Dingolfing-Landau,09279,2023,100727.0
Dingolfing-Landau,09279,2024,101035.0
Dithmarschen,01051,2020,133251.0
Dithmarschen,01051,2021,133969.0
Dithmarschen,01051,2022,133104.0
Dithmarschen,01051,2023,133514.0
Dithmarschen,01051,2024,133460.0
Donau-Ries,09779,2020,134324.0
Donau-Ries,09779,2021,134986.0
Donau-Ries,09779,2022,133770.0
Donau-Ries,09779,2023,134677.0
Donau-Ries,09779,2024,135098.0
Donnersbergkreis,07333,2020,75539.0
Donnersbergkreis,07333,2021,75569.0
Donnersbergkreis,07333,2022,74854.0
Donnersbergkreis,07333,2023,74728.0
Donnersbergkreis,07333,2024,74783.0
Dortmund,05913,2020,587696.0
Dortmund,05913,2021,586852.0
Dortmund,05913,2022,599370.0
Dortmund,05913,2023,601343.0
Dortmund,05913,2024,603462.0
Dresden,14262,2020,
Dresden,14612,2020,556227.0
Dresden,14262,2021,
Dresden,14612,2021,555351.0
Dresden,14262,2022,
Dresden,14612,2022,559986.0
Dresden,14262,2023,
Dresden,14612,2023,563019.0
Dresden,14262,2024,
Dresden,14612,2024,564904.0
Duisburg,05112,2020,495885.0
Duisburg,05112,2021,495152.0
Duisburg,05112,2022,501671.0
Duisburg,05112,2023,503185.0
Duisburg,05112,2024,502270.0
Döbeln,14375,2020,
Döbeln,14375,2021,
Döbeln,14375,2022,
Döbeln,14375,2023,
Döbeln,14375,2024,
Düren,05358,2020,265140.0
Düren,05358,2021,266771.0
Düren,05358,2022,276675.0
Düren,05358,2023,278462.0
Düren,05358,2024,279285.0
Düsseldorf,05111,2020,620523.0
Düsseldorf,05111,2021,619477.0
Düsseldorf,05111,2022,614399.0
Düsseldorf,05111,2023,616319.0
Düsseldorf,05111,2024,618685.0
Ebersberg,09175,2020,144091.0
Ebersberg,09175,2021,144562.0
Ebersberg,09175,2022,142205.0
Ebersberg,09175,2023,143011.0
Ebersberg,09175,2024,144225.0
Eichsfeld,16061,2020,99463.0
Eichsfeld,16061,2021,99324.0
Eichsfeld,16061,2022,99358.0
Eichsfeld,16061,2023,102699.0
Eichsfeld,16061,2024,103694.0
Eichstätt,09176,2020,133169.0
Eichstätt,09176,2021,133634.0
Eichstätt,09176,2022,134201.0
Eichstätt,09176,2023,135220.0
Eichstätt,09176,2024,135668.0
Eifelkreis Bitburg-Prüm,07232,2020,100055.0
Eifelkreis Bitburg-Prüm,07232,2021,100959.0
Eifelkreis Bitburg-Prüm,07232,2022,99866.0
Eifelkreis Bitburg-Prüm,07232,2023,100740.0
Eifelkreis Bitburg-Prüm,07232,2024,99788.0
Eisenach,16056,2020,41970.0
Eisenach,16056,2021,
Eisenach,16056,2022,
Eisenach,16056,2023,
Eisenach,16056,2024,
Elbe-Elster,12062,2020,101085.0
Elbe-Elster,12062,2021,100317.0
Elbe-Elster,12062,2022,99684.0
Elbe-Elster,12062,2023,98750.0
Elbe-Elster,12062,2024,97967.0
Emden,03402,2020,49874.0
Emden,03402,2021,49523.0
Emden,03402,2022,49563.0
Emden,03402,2023,49701.0
Emden,03402,2024,49202.0
Emmendingen,08316,2020,166862.0
Emmendingen,08316,2021,167945.0
Emmendingen,08316,2022,168004.0
Emmendingen,08316,2023,169470.0
Emmendingen,08316,2024,169787.0
Emsland,03454,2020,328930.0
Emsland,03454,2021,331397.0
Emsland,03454,2022,331711.0
Emsland,03454,2023,334203.0
Emsland,03454,2024,334539.0
Ennepe-Ruhr-Kreis,05954,2020,323130.0
Ennepe-Ruhr-Kreis,05954,2021,322143.0
Ennepe-Ruhr-Kreis,05954,2022,315325.0
Ennepe-Ruhr-Kreis,05954,2023,315069.0
Ennepe-Ruhr-Kreis,05954,2024,314167.0
Enzkreis,08236,2020,199752.0
Enzkreis,08236,2021,200237.0
Enzkreis,08236,2022,198950.0
Enzkreis,08236,2023,199878.0
Enzkreis,08236,2024,199745.0
Erding,09177,2020,138891.0
Erding,09177,2021,139622.0
Erding,09177,2022,138647.0
Erding,09177,2023,139547.0
Erding,09177,2024,140127.0
Erfurt,16051,2020,213692.0
Erfurt,16051,2021,213227.0
Erfurt,16051,2022,218769.0
Erfurt,16051,2023,219549.0
Erfurt,16051,2024,218793.0
Erlangen,09562,2020,112385.0
Erlangen,09562,2021,113292.0
Erlangen,09562,2022,113911.0
Erlangen,09562,2023,115314.0
Erlangen,09562,2024,115928.0
Erlangen-Höchstadt,09572,2020,138105.0
Erlangen-Höchstadt,09572,2021,139323.0
Erlangen-Höchstadt,09572,2022,137981.0
Erlangen-Höchstadt,09572,2023,138581.0
Erlangen-Höchstadt,09572,2024,138325.0
Erzgebirgskreis,14521,2020,331917.0
Erzgebirgskreis,14521,2021,328695.0
Erzgebirgskreis,14521,2022,324070.0
Erzgebirgskreis,14521,2023,322179.0
Erzgebirgskreis,14521,2024,318394.0
Essen,05113,2020,582415.0
Essen,05113,2021,579432.0
Essen,05113,2022,572237.0
Essen,05113,2023,574082.0
Essen,05113,2024,574682.0
Esslingen,08116,2020,533617.0
Esslingen,08116,2021,533388.0
Esslingen,08116,2022,533434.0
Esslingen,08116,2023,536027.0
Esslingen,08116,2024,536601.0
Euskirchen,05366,2020,194359.0
Euskirchen,05366,2021,194701.0
Euskirchen,05366,2022,199228.0
Euskirchen,05366,2023,201841.0
Euskirchen,05366,2024,202609.0
Flensburg,01001,2020,89934.0
Flensburg,01001,2021,91113.0
Flensburg,01001,2022,96217.0
Flensburg,01001,2023,96431.0
Flensburg,01001,2024,96326.0
Forchheim,09474,2020,116600.0
Forchheim,09474,2021,116753.0
Forchheim,09474,2022,115457.0
Forchheim,09474,2023,116284.0
Forchheim,09474,2024,116184.0
Frankenthal (Pfalz),07311,2020,48750.0
Frankenthal (Pfalz),07311,2021,48773.0
Frankenthal (Pfalz),07311,2022,48007.0
Frankenthal (Pfalz),07311,2023,48107.0
Frankenthal (Pfalz),07311,2024,48140.0
Frankfurt (Oder),12053,2020,57015.0
Frankfurt (Oder),12053,2021,56679.0
Frankfurt (Oder),12053,2022,56434.0
Frankfurt (Oder),12053,2023,57065.0
Frankfurt (Oder),12053,2024,57107.0
Frankfurt am Main,06412,2020,764104.0
Frankfurt am Main,06412,2021,759224.0
Frankfurt am Main,06412,2022,747389.0
Frankfurt am Main,06412,2023,749596.0
Frankfurt am Main,06412,2024,756021.0
Freiberg,14177,2020,
Freiberg,14177,2021,
Freiberg,14177,2022,
Freiberg,14177,2023,
Freiberg,14177,2024,
Freiburg im Breisgau,08311,2020,230940.0
Freiburg im Breisgau,08311,2021,231848.0
Freiburg im Breisgau,08311,2022,235003.0
Freiburg im Breisgau,08311,2023,236236.0
Freiburg im Breisgau,08311,2024,237460.0
Freising,09178,2020,180313.0
Freising,09178,2021,181144.0
Freising,09178,2022,181568.0
Freising,09178,2023,183535.0
Freising,09178,2024,184564.0
Freudenstadt,08237,2020,118364.0
Freudenstadt,08237,2021,119183.0
Freudenstadt,08237,2022,121450.0
Freudenstadt,08237,2023,121901.0
Freudenstadt,08237,2024,121958.0
Freyung-Grafenau,09272,2020,78355.0
Freyung-Grafenau,09272,2021,78632.0
Freyung-Grafenau,09272,2022,78155.0
Freyung-Grafenau,09272,2023,78512.0
Freyung-Grafenau,09272,2024,78710.0
Friesland,03455,2020,98971.0
Friesland,03455,2021,98971.0
Friesland,03455,2022,100089.0
Friesland,03455,2023,100461.0
Friesland,03455,2024,100411.0
Fulda,06631,2020,223023.0
Fulda,06631,2021,223572.0
Fulda,06631,2022,221445.0
Fulda,06631,2023,222688.0
Fulda,06631,2024,222283.0
Fürstenfeldbruck,09179,2020,218740.0
Fürstenfeldbruck,09179,2021,218579.0
Fürstenfeldbruck,09179,2022,215511.0
Fürstenfeldbruck,09179,2023,216912.0
Fürstenfeldbruck,09179,2024,218227.0
Fürth,09563,2020,128223.0
Fürth,09573,2020,118695.0
Fürth,09563,2021,129122.0
Fürth,09573,2021,119432.0
Fürth,09563,2022,131060.0
Fürth,09573,2022,117602.0
Fürth,09563,2023,131712.0
Fürth,09573,2023,117617.0
Fürth,09563,2024,132036.0
Fürth,09573,2024,117719.0
Garmisch-Partenkirchen,09180,2020,88279.0
Garmisch-Partenkirchen,09180,2021,88232.0
Garmisch-Partenkirchen,09180,2022,89224.0
Garmisch-Partenkirchen,09180,2023,89322.0
Garmisch-Partenkirchen,09180,2024,89296.0
Gelsenkirchen,05513,2020,259105.0
Gelsenkirchen,05513,2021,260126.0
Gelsenkirchen,05513,2022,264644.0
Gelsenkirchen,05513,2023,267284.0
Gelsenkirchen,05513,2024,267930.0
Gera,16052,2020,92126.0
Gera,16052,2021,91368.0
Gera,16052,2022,94454.0
Gera,16052,2023,95695.0
Gera,16052,2024,95608.0
Germersheim,07334,2020,129006.0
Germersheim,07334,2021,129313.0
Germersheim,07334,2022,130935.0
Germersheim,07334,2023,131678.0
Germersheim,07334,2024,131383.0
Gießen,06531,2020,271667.0
Gießen,06531,2021,272874.0
Gießen,06531,2022,266314.0
Gießen,06531,2023,268141.0
Gießen,06531,2024,268418.0
Gifhorn,03151,2020,177227.0
Gifhorn,03151,2021,177919.0
Gifhorn,03151,2022,175361.0
Gifhorn,03151,2023,175876.0
Gifhorn,03151,2024,175943.0
Goslar,03153,2020,134688.0
Goslar,03153,2021,134050.0
Goslar,03153,2022,127856.0
Goslar,03153,2023,127712.0
Goslar,03153,2024,126775.0
Gotha,16067,2020,134563.0
Gotha,16067,2021,133825.0
Gotha,16067,2022,137321.0
Gotha,16067,2023,136933.0
Gotha,16067,2024,135838.0
Grafschaft Bentheim,03456,2020,137891.0
Grafschaft Bentheim,03456,2021,138722.0
Grafschaft Bentheim,03456,2022,143472.0
Grafschaft Bentheim,03456,2023,144212.0
Grafschaft Bentheim,03456,2024,144543.0
Greifswald,13001,2020,
Greifswald,13001,2021,
Greifswald,13001,2022,
Greifswald,13001,2023,
Greifswald,13001,2024,
Greiz,16076,2020,96668.0
Greiz,16076,2021,96102.0
Greiz,16076,2022,95281.0
Greiz,16076,2023,94488.0
Greiz,16076,2024,93707.0
Groß-Gerau,06433,2020,275807.0
Groß-Gerau,06433,2021,276307.0
Groß-Gerau,06433,2022,266326.0
Groß-Gerau,06433,2023,267920.0
Groß-Gerau,06433,2024,268310.0
Göppingen,08117,2020,258781.0
Göppingen,08117,2021,259046.0
Göppingen,08117,2022,257269.0
Göppingen,08117,2023,259232.0
Göppingen,08117,2024,258809.0
Görlitz,14263,2020,
Görlitz,14626,2020,250558.0
Görlitz,14263,2021,
Görlitz,14626,2021,248273.0
Görlitz,14263,2022,
Görlitz,14626,2022,246989.0
Görlitz,14263,2023,
Görlitz,14626,2023,245867.0
Görlitz,14263,2024,
Görlitz,14626,2024,243958.0
Göttingen,03152,2020,
Göttingen,03159,2020,323900.0
Göttingen,03152,2021,
Göttingen,03159,2021,323661.0
Göttingen,03152,2022,
Göttingen,03159,2022,328039.0
Göttingen,03152,2023,
Göttingen,03159,2023,328657.0
Göttingen,03152,2024,
Göttingen,03159,2024,328028.0
Günzburg,09774,2020,127342.0
Günzburg,09774,2021,128436.0
Günzburg,09774,2022,128361.0
Günzburg,09774,2023,129696.0
Günzburg,09774,2024,129846.0
Güstrow,13053,2020,
Güstrow,13053,2021,
Güstrow,13053,2022,
Güstrow,13053,2023,
Güstrow,13053,2024,
Gütersloh,05754,2020,364818.0
Gütersloh,05754,2021,366104.0
Gütersloh,05754,2022,361931.0
Gütersloh,05754,2023,363674.0
Gütersloh,05754,2024,363982.0
Hagen,05914,2020,188687.0
Hagen,05914,2021,188713.0
Hagen,05914,2022,189957.0
Hagen,05914,2023,190640.0
Hagen,05914,2024,190384.0
Halberstadt,15357,2020,
Halberstadt,15357,2021,
Halberstadt,15357,2022,
Halberstadt,15357,2023,
Halberstadt,15357,2024,
Halle (Saale),15002,2020,237865.0
Halle (Saale),15202,2020,
Halle (Saale),15002,2021,238061.0
Halle (Saale),15202,2021,
Halle (Saale),15002,2022,227416.0
Halle (Saale),15202,2022,
Halle (Saale),15002,2023,227639.0
Halle (Saale),15202,2023,
Halle (Saale),15002,2024,226767.0
Halle (Saale),15202,2024,
Hamburg,02000,2020,1852478.0
Hamburg,02000,2021,1853935.0
Hamburg,02000,2022,1832675.0
Hamburg,02000,2023,1851596.0
Hamburg,02000,2024,1862565.0
Hameln-Pyrmont,03252,2020,148580.0
Hameln-Pyrmont,03252,2021,148963.0
Hameln-Pyrmont,03252,2022,150717.0
Hameln-Pyrmont,03252,2023,150535.0
Hameln-Pyrmont,03252,2024,150203.0
Hamm,05915,2020,178967.0
Hamm,05915,2021,179238.0
Hamm,05915,2022,179479.0
Hamm,05915,2023,179380.0
Hamm,05915,2024,179968.0
Hannover,03201,2020,
Hannover,03253,2020,
Hannover,03201,2021,
Hannover,03253,2021,
Hannover,03201,2022,
Hannover,03253,2022,
Hannover,03201,2023,
Hannover,03253,2023,
Hannover,03201,2024,
Hannover,03253,2024,
Harburg,03353,2020,256016.0
Harburg,03353,2021,257548.0
Harburg,03353,2022,262954.0
Harburg,03353,2023,264767.0
Harburg,03353,2024,265864.0
Harz,15085,2020,210975.0
Harz,15085,2021,209117.0
Harz,15085,2022,208634.0
Harz,15085,2023,207134.0
Harz,15085,2024,205484.0
Havelland,12063,2020,164693.0
Havelland,12063,2021,165906.0
Havelland,12063,2022,168494.0
Havelland,12063,2023,169721.0
Havelland,12063,2024,170834.0
Haßberge,09674,2020,84275.0
Haßberge,09674,2021,84284.0
Haßberge,09674,2022,83258.0
Haßberge,09674,2023,83673.0
Haßberge,09674,2024,83869.0
Heidekreis,03358,2020,140885.0
Heidekreis,03358,2021,142912.0
Heidekreis,03358,2022,143728.0
Heidekreis,03358,2023,141627.0
Heidekreis,03358,2024,141321.0
Heidelberg,08221,2020,158741.0
Heidelberg,08221,2021,159245.0
Heidelberg,08221,2022,154570.0
Heidelberg,08221,2023,155175.0
Heidelberg,08221,2024,155756.0
Heidenheim,08135,2020,132812.0
Heidenheim,08135,2021,132958.0
Heidenheim,08135,2022,134766.0
Heidenheim,08135,2023,135241.0
Heidenheim,08135,2024,135235.0
Heilbronn,08121,2020,126458.0
Heilbronn,08125,2020,346363.0
Heilbronn,08121,2021,125613.0
Heilbronn,08125,2021,347798.0
Heilbronn,08121,2022,129931.0
Heilbronn,08125,2022,351402.0
Heilbronn,08121,2023,131653.0
Heilbronn,08125,2023,353609.0
Heilbronn,08121,2024,131986.0
Heilbronn,08125,2024,353877.0
Heinsberg,05370,2020,256458.0
Heinsberg,05370,2021,258306.0
Heinsberg,05370,2022,261239.0
Heinsberg,05370,2023,262149.0
Heinsberg,05370,2024,263681.0
Helmstedt,03154,2020,91518.0
Helmstedt,03154,2021,91379.0
Helmstedt,03154,2022,90985.0
Helmstedt,03154,2023,90692.0
Helmstedt,03154,2024,90227.0
Herford,05758,2020,250547.0
Herford,05758,2021,250635.0
Herford,05758,2022,254949.0
Herford,05758,2023,254593.0
Herford,05758,2024,254404.0
Herne,05916,2020,156940.0
Herne,05916,2021,156621.0
Herne,05916,2022,155603.0
Herne,05916,2023,156154.0
Herne,05916,2024,155851.0
Hersfeld-Rotenburg,06632,2020,120304.0
Hersfeld-Rotenburg,06632,2021,120163.0
Hersfeld-Rotenburg,06632,2022,118183.0
Hersfeld-Rotenburg,06632,2023,118010.0
Hersfeld-Rotenburg,06632,2024,117414.0
Herzogtum Lauenburg,01053,2020,199152.0
Herzogtum Lauenburg,01053,2021,200819.0
Herzogtum Lauenburg,01053,2022,204237.0
Herzogtum Lauenburg,01053,2023,205445.0
Herzogtum Lauenburg,01053,2024,206235.0
Hildburghausen,16069,2020,62656.0
Hildburghausen,16069,2021,62089.0
Hildburghausen,16069,2022,61271.0
Hildburghausen,16069,2023,60691.0
Hildburghausen,16069,2024,59987.0
Hildesheim,03254,2020,275464.0
Hildesheim,03254,2021,274773.0
Hildesheim,03254,2022,268062.0
Hildesheim,03254,2023,268318.0
Hildesheim,03254,2024,267506.0
Hochsauerlandkreis,05958,2020,259030.0
Hochsauerlandkreis,05958,2021,258615.0
Hochsauerlandkreis,05958,2022,261006.0
Hochsauerlandkreis,05958,2023,261193.0
Hochsauerlandkreis,05958,2024,260843.0
Hochtaunuskreis,06434,2020,237281.0
Hochtaunuskreis,06434,2021,237041.0
Hochtaunuskreis,06434,2022,238534.0
Hochtaunuskreis,06434,2023,240622.0
Hochtaunuskreis,06434,2024,241664.0
Hof,09464,2020,45173.0
Hof,09475,2020,94522.0
Hof,09464,2021,45125.0
Hof,09475,2021,93907.0
Hof,09464,2022,46151.0
Hof,09475,2022,92905.0
Hof,09464,2023,46484.0
Hof,09475,2023,92675.0
Hof,09464,2024,46778.0
Hof,09475,2024,92191.0
Hohenlohekreis,08126,2020,112765.0
Hohenlohekreis,08126,2021,113318.0
Hohenlohekreis,08126,2022,114553.0
Hohenlohekreis,08126,2023,115335.0
Hohenlohekreis,08126,2024,115644.0
Holzminden,03255,2020,70207.0
Holzminden,03255,2021,69862.0
Holzminden,03255,2022,66288.0
Holzminden,03255,2023,66088.0
Holzminden,03255,2024,65581.0
Hoyerswerda,14264,2020,
Hoyerswerda,14264,2021,
Hoyerswerda,14264,2022,
Hoyerswerda,14264,2023,
Hoyerswerda,14264,2024,
Höxter,05762,2020,139729.0
Höxter,05762,2021,139994.0
Höxter,05762,2022,138943.0
Höxter,05762,2023,139042.0
Höxter,05762,2024,139252.0
Ilm-Kreis,16070,2020,105606.0
Ilm-Kreis,16070,2021,105367.0
Ilm-Kreis,16070,2022,106975.0
Ilm-Kreis,16070,2023,107002.0
Ilm-Kreis,16070,2024,106657.0
Ingolstadt,09161,2020,136952.0
Ingolstadt,09161,2021,138016.0
Ingolstadt,09161,2022,138263.0
Ingolstadt,09161,2023,139536.0
Ingolstadt,09161,2024,141185.0
Jena,16053,2020,110731.0
Jena,16053,2021,110502.0
Jena,16053,2022,110470.0
Jena,16053,2023,110076.0
Jena,16053,2024,109725.0
Jerichower Land,15086,2020,89403.0
Jerichower Land,15358,2020,
Jerichower Land,15086,2021,89118.0
Jerichower Land,15358,2021,
Jerichower Land,15086,2022,89033.0
Jerichower Land,15358,2022,
Jerichower Land,15086,2023,88695.0
Jerichower Land,15358,2023,
Jerichower Land,15086,2024,88509.0
Jerichower Land,15358,2024,
Kaiserslautern,07312,2020,99662.0
Kaiserslautern,07335,2020,106320.0
Kaiserslautern,07312,2021,99292.0
Kaiserslautern,07335,2021,106853.0
Kaiserslautern,07312,2022,100316.0
Kaiserslautern,07335,2022,105752.0
Kaiserslautern,07312,2023,100571.0
Kaiserslautern,07335,2023,106082.0
Kaiserslautern,07312,2024,100426.0
Kaiserslautern,07335,2024,106343.0
Kamenz,14292,2020,
Kamenz,14292,2021,
Kamenz,14292,2022,
Kamenz,14292,2023,
Kamenz,14292,2024,
Karlsruhe,08212,2020,308436.0
Karlsruhe,08215,2020,446852.0
Karlsruhe,08212,2021,306502.0
Karlsruhe,08215,2021,448487.0
Karlsruhe,08212,2022,306630.0
Karlsruhe,08215,2022,453378.0
Karlsruhe,08212,2023,308197.0
Karlsruhe,08215,2023,455350.0
Karlsruhe,08212,2024,309050.0
Karlsruhe,08215,2024,456264.0
Kassel,06611,2020,201048.0
Kassel,06633,2020,237007.0
Kassel,06611,2021,200406.0
Kassel,06633,2021,237268.0
Kassel,06611,2022,196575.0
Kassel,06633,2022,230318.0
Kassel,06611,2023,197065.0
Kassel,06633,2023,230742.0
Kassel,06611,2024,197230.0
Kassel,06633,2024,231073.0
Kaufbeuren,09762,2020,44662.0
Kaufbeuren,09762,2021,45118.0
Kaufbeuren,09762,2022,45459.0
Kaufbeuren,09762,2023,46071.0
Kaufbeuren,09762,2024,46193.0
Kelheim,09273,2020,123390.0
Kelheim,09273,2021,123899.0
Kelheim,09273,2022,124673.0
Kelheim,09273,2023,125597.0
Kelheim,09273,2024,126037.0
Kempten (Allgäu),09763,2020,68940.0
Kempten (Allgäu),09763,2021,69053.0
Kempten (Allgäu),09763,2022,65229.0
Kempten (Allgäu),09763,2023,65933.0
Kempten (Allgäu),09763,2024,67645.0
Kiel,01002,2020,246601.0
Kiel,01002,2021,246243.0
Kiel,01002,2022,250064.0
Kiel,01002,2023,251751.0
Kiel,01002,2024,252668.0
Kitzingen,09675,2020,91696.0
Kitzingen,09675,2021,91980.0
Kitzingen,09675,2022,90576.0
Kitzingen,09675,2023,91197.0
Kitzingen,09675,2024,91287.0
Kleve,05154,2020,313586.0
Kleve,05154,2021,314676.0
Kleve,05154,2022,317411.0
Kleve,05154,2023,319928.0
Kleve,05154,2024,322018.0
Koblenz,07111,2020,113388.0
Koblenz,07111,2021,113638.0
Koblenz,07111,2022,113294.0
Koblenz,07111,2023,113346.0
Koblenz,07111,2024,113378.0
Konstanz,08335,2020,286876.0
Konstanz,08335,2021,288097.0
Konstanz,08335,2022,289613.0
Konstanz,08335,2023,291397.0
Konstanz,08335,2024,291841.0
Krefeld,05114,2020,226844.0
Krefeld,05114,2021,227050.0
Krefeld,05114,2022,230375.0
Krefeld,05114,2023,230393.0
Krefeld,05114,2024,231406.0
Kronach,09476,2020,66355.0
Kronach,09476,2021,66091.0
Kronach,09476,2022,65087.0
Kronach,09476,2023,65009.0
Kronach,09476,2024,64545.0
Kulmbach,09477,2020,71428.0
Kulmbach,09477,2021,71328.0
Kulmbach,09477,2022,71439.0
Kulmbach,09477,2023,71752.0
Kulmbach,09477,2024,71518.0
Kusel,07336,2020,70105.0
Kusel,07336,2021,69949.0
Kusel,07336,2022,70124.0
Kusel,07336,2023,69846.0
Kusel,07336,2024,69334.0
Kyffhäuserkreis,16065,2020,73522.0
Kyffhäuserkreis,16065,2021,72964.0
Kyffhäuserkreis,16065,2022,73022.0
Kyffhäuserkreis,16065,2023,72556.0
Kyffhäuserkreis,16065,2024,71738.0
Köln,05315,2020,1083498.0
Köln,05315,2021,1073096.0
Köln,05315,2022,1021253.0
Köln,05315,2023,1024408.0
Köln,05315,2024,1024621.0
Köthen,15159,2020,
Köthen,15159,2021,
Köthen,15159,2022,
Köthen,15159,2023,
Köthen,15159,2024,
Lahn-Dill-Kreis,06532,2020,253373.0
Lahn-Dill-Kreis,06532,2021,253364.0
Lahn-Dill-Kreis,06532,2022,253208.0
Lahn-Dill-Kreis,06532,2023,254444.0
Lahn-Dill-Kreis,06532,2024,254074.0
Landau in der Pfalz,07313,2020,46685.0
Landau in der Pfalz,07313,2021,46919.0
Landau in der Pfalz,07313,2022,47455.0
Landau in der Pfalz,07313,2023,48202.0
Landau in der Pfalz,07313,2024,48209.0
Landsberg am Lech,09181,2020,121019.0
Landsberg am Lech,09181,2021,121466.0
Landsberg am Lech,09181,2022,119654.0
Landsberg am Lech,09181,2023,120966.0
Landsberg am Lech,09181,2024,122107.0
Landshut,09261,2020,73065.0
Landshut,09274,2020,161191.0
Landshut,09261,2021,73150.0
Landshut,09274,2021,162331.0
Landshut,09261,2022,68743.0
Landshut,09274,2022,160256.0
Landshut,09261,2023,68741.0
Landshut,09274,2023,161180.0
Landshut,09261,2024,71863.0
Landshut,09274,2024,162170.0
Leer,03457,2020,171483.0
Leer,03457,2021,172421.0
Leer,03457,2022,169390.0
Leer,03457,2023,169111.0
Leer,03457,2024,169103.0
Leipzig,14365,2020,
Leipzig,14713,2020,597493.0
Leipzig,14729,2020,258386.0
Leipzig,14365,2021,
Leipzig,14713,2021,601866.0
Leipzig,14729,2021,258214.0
Leipzig,14365,2022,
Leipzig,14713,2022,603578.0
Leipzig,14729,2022,259568.0
Leipzig,14365,2023,
Leipzig,14713,2023,608013.0
Leipzig,14729,2023,260706.0
Leipzig,14365,2024,
Leipzig,14713,2024,611850.0
Leipzig,14729,2024,260127.0
Leipziger Land,14379,2020,
Leipziger Land,14379,2021,
Leipziger Land,14379,2022,
Leipziger Land,14379,2023,
Leipziger Land,14379,2024,
Leverkusen,05316,2020,163905.0
Leverkusen,05316,2021,163851.0
Leverkusen,05316,2022,167174.0
Leverkusen,05316,2023,167850.0
Leverkusen,05316,2024,168581.0
Lichtenfels,09478,2020,66722.0
Lichtenfels,09478,2021,66741.0
Lichtenfels,09478,2022,67466.0
Lichtenfels,09478,2023,67716.0
Lichtenfels,09478,2024,67379.0
Limburg-Weilburg,06533,2020,172291.0
Limburg-Weilburg,06533,2021,172759.0
Limburg-Weilburg,06533,2022,173484.0
Limburg-Weilburg,06533,2023,174281.0
Limburg-Weilburg,06533,2024,173830.0
Lindau (Bodensee),09776,2020,82085.0
Lindau (Bodensee),09776,2021,82330.0
Lindau (Bodensee),09776,2022,81874.0
Lindau (Bodensee),09776,2023,82224.0
Lindau (Bodensee),09776,2024,82411.0
Lippe,05766,2020,346970.0
Lippe,05766,2021,346151.0
Lippe,05766,2022,348275.0
Lippe,05766,2023,347613.0
Lippe,05766,2024,347149.0
Ludwigsburg,08118,2020,544971.0
Ludwigsburg,08118,2021,544679.0
Ludwigsburg,08118,2022,532109.0
Ludwigsburg,08118,2023,534808.0
Ludwigsburg,08118,2024,535374.0
Ludwigshafen am Rhein,07314,2020,172557.0
Ludwigshafen am Rhein,07314,2021,172145.0
Ludwigshafen am Rhein,07314,2022,173869.0
Ludwigshafen am Rhein,07314,2023,175816.0
Ludwigshafen am Rhein,07314,2024,177222.0
Ludwigslust,13054,2020,
Ludwigslust,13054,2021,
Ludwigslust,13054,2022,
Ludwigslust,13054,2023,
Ludwigslust,13054,2024,
Ludwigslust-Parchim,13076,2020,211844.0
Ludwigslust-Parchim,13076,2021,211899.0
Ludwigslust-Parchim,13076,2022,209244.0
Ludwigslust-Parchim,13076,2023,209372.0
Ludwigslust-Parchim,13076,2024,208092.0
Löbau-Zittau,14286,2020,
Löbau-Zittau,14286,2021,
Löbau-Zittau,14286,2022,
Löbau-Zittau,14286,2023,
Löbau-Zittau,14286,2024,
Lörrach,08336,2020,228842.0
Lörrach,08336,2021,229445.0
Lörrach,08336,2022,235252.0
Lörrach,08336,2023,237212.0
Lörrach,08336,2024,238263.0
Lübeck,01003,2020,215846.0
Lübeck,01003,2021,216277.0
Lübeck,01003,2022,216097.0
Lübeck,01003,2023,217061.0
Lübeck,01003,2024,216889.0
Lüchow-Dannenberg,03354,2020,48503.0
Lüchow-Dannenberg,03354,2021,48472.0
Lüchow-Dannenberg,03354,2022,46791.0
Lüchow-Dannenberg,03354,2023,46815.0
Lüchow-Dannenberg,03354,2024,46502.0
Lüneburg,03355,2020,184235.0
Lüneburg,03355,2021,185129.0
Lüneburg,03355,2022,178099.0
Lüneburg,03355,2023,179403.0
Lüneburg,03355,2024,179448.0
Magdeburg,15003,2020,235775.0
Magdeburg,15303,2020,
Magdeburg,15003,2021,236188.0
Magdeburg,15303,2021,
Magdeburg,15003,2022,241753.0
Magdeburg,15303,2022,
Magdeburg,15003,2023,242491.0
Magdeburg,15303,2023,
Magdeburg,15003,2024,244329.0
Magdeburg,15303,2024,
Main-Kinzig-Kreis,06435,2020,421689.0
Main-Kinzig-Kreis,06435,2021,423465.0
Main-Kinzig-Kreis,06435,2022,415753.0
Main-Kinzig-Kreis,06435,2023,419055.0
Main-Kinzig-Kreis,06435,2024,420914.0
Main-Spessart,09677,2020,125976.0
Main-Spessart,09677,2021,126105.0
Main-Spessart,09677,2022,125270.0
Main-Spessart,09677,2023,125814.0
Main-Spessart,09677,2024,125282.0
Main-Tauber-Kreis,08128,2020,132684.0
Main-Tauber-Kreis,08128,2021,132956.0
Main-Tauber-Kreis,08128,2022,132793.0
Main-Tauber-Kreis,08128,2023,133459.0
Main-Tauber-Kreis,08128,2024,133169.0
Main-Taunus-Kreis,06436,2020,239264.0
Main-Taunus-Kreis,06436,2021,239276.0
Main-Taunus-Kreis,06436,2022,237671.0
Main-Taunus-Kreis,06436,2023,238593.0
Main-Taunus-Kreis,06436,2024,238775.0
Mainz,07315,2020,217123.0
Mainz,07315,2021,217556.0
Mainz,07315,2022,221516.0
Mainz,07315,2023,223871.0
Mainz,07315,2024,224684.0
Mainz-Bingen,07339,2020,211525.0
Mainz-Bingen,07339,2021,212420.0
Mainz-Bingen,07339,2022,205823.0
Mainz-Bingen,07339,2023,206220.0
Mainz-Bingen,07339,2024,206454.0
Mannheim,08222,2020,309721.0
Mannheim,08222,2021,311831.0
Mannheim,08222,2022,314961.0
Mannheim,08222,2023,316256.0
Mannheim,08222,2024,318035.0
Mansfeld-Südharz,15087,2020,133690.0
Mansfeld-Südharz,15087,2021,132317.0
Mansfeld-Südharz,15087,2022,131107.0
Mansfeld-Südharz,15087,2023,130162.0
Mansfeld-Südharz,15087,2024,129029.0
Mansfelder Land,15260,2020,
Mansfelder Land,15260,2021,
Mansfelder Land,15260,2022,
Mansfelder Land,15260,2023,
Mansfelder Land,15260,2024,
Marburg-Biedenkopf,06534,2020,245903.0
Marburg-Biedenkopf,06534,2021,246097.0
Marburg-Biedenkopf,06534,2022,242197.0
Marburg-Biedenkopf,06534,2023,243093.0
Marburg-Biedenkopf,06534,2024,242805.0
Mayen-Koblenz,07137,2020,214786.0
Mayen-Koblenz,07137,2021,215446.0
Mayen-Koblenz,07137,2022,216056.0
Mayen-Koblenz,07137,2023,216874.0
Mayen-Koblenz,07137,2024,217228.0
Mecklenburg-Strelitz,13055,2020,
Mecklenburg-Strelitz,13055,2021,
Mecklenburg-Strelitz,13055,2022,
Mecklenburg-Strelitz,13055,2023,
Mecklenburg-Strelitz,13055,2024,
Mecklenburgische Seenplatte,13071,2020,258057.0
Mecklenburgische Seenplatte,13071,2021,257525.0
Mecklenburgische Seenplatte,13071,2022,247735.0
Mecklenburgische Seenplatte,13071,2023,247575.0
Mecklenburgische Seenplatte,13071,2024,246318.0
Meißen,14280,2020,
Meißen,14627,2020,240371.0
Meißen,14280,2021,
Meißen,14627,2021,239344.0
Meißen,14280,2022,
Meißen,14627,2022,240519.0
Meißen,14280,2023,
Meißen,14627,2023,240368.0
Meißen,14280,2024,
Meißen,14627,2024,239221.0
Memmingen,09764,2020,44360.0
Memmingen,09764,2021,44721.0
Memmingen,09764,2022,43696.0
Memmingen,09764,2023,44048.0
Memmingen,09764,2024,44192.0
Merseburg-Querfurt,15261,2020,
Merseburg-Querfurt,15261,2021,
Merseburg-Querfurt,15261,2022,
Merseburg-Querfurt,15261,2023,
Merseburg-Querfurt,15261,2024,
Merzig-Wadern,10042,2020,103471.0
Merzig-Wadern,10042,2021,103426.0
Merzig-Wadern,10042,2022,109393.0
Merzig-Wadern,10042,2023,109336.0
Merzig-Wadern,10042,2024,108779.0
Mettmann,05158,2020,484322.0
Mettmann,05158,2021,484411.0
Mettmann,05158,2022,489246.0
Mettmann,05158,2023,489760.0
Mettmann,05158,2024,490910.0
Miesbach,09182,2020,100183.0
Miesbach,09182,2021,99978.0
Miesbach,09182,2022,96557.0
Miesbach,09182,2023,96730.0
Miesbach,09182,2024,97152.0
Miltenberg,09676,2020,128743.0
Miltenberg,09676,2021,128782.0
Miltenberg,09676,2022,126649.0
Miltenberg,09676,2023,127204.0
Miltenberg,09676,2024,127547.0
Minden-Lübbecke,05770,2020,310270.0
Minden-Lübbecke,05770,2021,311214.0
Minden-Lübbecke,05770,2022,320648.0
Minden-Lübbecke,05770,2023,320925.0
Minden-Lübbecke,05770,2024,320557.0
Mittelsachsen,14522,2020,301474.0
Mittelsachsen,14522,2021,299329.0
Mittelsachsen,14522,2022,297991.0
Mittelsachsen,14522,2023,297766.0
Mittelsachsen,14522,2024,296431.0
Mittlerer Erzgebirgskreis (bis 31.07.2008),14181,2020,
Mittlerer Erzgebirgskreis (bis 31.07.2008),14181,2021,
Mittlerer Erzgebirgskreis (bis 31.07.2008),14181,2022,
Mittlerer Erzgebirgskreis (bis 31.07.2008),14181,2023,
Mittlerer Erzgebirgskreis (bis 31.07.2008),14181,2024,
Mittweida,14182,2020,
Mittweida,14182,2021,
Mittweida,14182,2022,
Mittweida,14182,2023,
Mittweida,14182,2024,
Muldentalkreis (bis 31.07.2008),14383,2020,
Muldentalkreis (bis 31.07.2008),14383,2021,
Muldentalkreis (bis 31.07.2008),14383,2022,
Muldentalkreis (bis 31.07.2008),14383,2023,
Muldentalkreis (bis 31.07.2008),14383,2024,
Märkisch-Oderland,12064,2020,197195.0
Märkisch-Oderland,12064,2021,197965.0
Märkisch-Oderland,12064,2022,196930.0
Märkisch-Oderland,12064,2023,197785.0
Märkisch-Oderland,12064,2024,197817.0
Märkischer Kreis,05962,2020,408662.0
Märkischer Kreis,05962,2021,406793.0
Märkischer Kreis,05962,2022,410629.0
Märkischer Kreis,05962,2023,408899.0
Märkischer Kreis,05962,2024,408046.0
Mönchengladbach,05116,2020,259665.0
Mönchengladbach,05116,2021,261001.0
Mönchengladbach,05116,2022,267333.0
Mönchengladbach,05116,2023,267667.0
Mönchengladbach,05116,2024,267213.0
Mühldorf am Inn,09183,2020,116483.0
Mühldorf am Inn,09183,2021,117606.0
Mühldorf am Inn,09183,2022,120317.0
Mühldorf am Inn,09183,2023,121263.0
Mühldorf am Inn,09183,2024,122037.0
Mülheim an der Ruhr,05117,2020,170921.0
Mülheim an der Ruhr,05117,2021,170739.0
Mülheim an der Ruhr,05117,2022,172054.0
Mülheim an der Ruhr,05117,2023,172887.0
Mülheim an der Ruhr,05117,2024,173050.0
München,09162,2020,1488202.0
München,09184,2020,349685.0
München,09162,2021,1487708.0
München,09184,2021,349837.0
München,09162,2022,1490516.0
München,09184,2022,350047.0
München,09162,2023,1488719.0
München,09184,2023,352771.0
München,09162,2024,1505005.0
München,09184,2024,354396.0
Münster,05515,2020,316403.0
Münster,05515,2021,317713.0
Münster,05515,2022,305222.0
Münster,05515,2023,307071.0
Münster,05515,2024,308258.0
Müritz,13056,2020,
Müritz,13056,2021,
Müritz,13056,2022,
Müritz,13056,2023,
Müritz,13056,2024,
Neckar-Odenwald-Kreis,08225,2020,143797.0
Neckar-Odenwald-Kreis,08225,2021,143929.0
Neckar-Odenwald-Kreis,08225,2022,145039.0
Neckar-Odenwald-Kreis,08225,2023,145681.0
Neckar-Odenwald-Kreis,08225,2024,145263.0
Neu-Ulm,09775,2020,175823.0
Neu-Ulm,09775,2021,177330.0
Neu-Ulm,09775,2022,180320.0
Neu-Ulm,09775,2023,182560.0
Neu-Ulm,09775,2024,183595.0
Neubrandenburg,13002,2020,
Neubrandenburg,13002,2021,
Neubrandenburg,13002,2022,
Neubrandenburg,13002,2023,
Neubrandenburg,13002,2024,
Neuburg-Schrobenhausen,09185,2020,97730.0
Neuburg-Schrobenhausen,09185,2021,98503.0
Neuburg-Schrobenhausen,09185,2022,97792.0
Neuburg-Schrobenhausen,09185,2023,98967.0
Neuburg-Schrobenhausen,09185,2024,99364.0
Neumarkt in der Oberpfalz,09373,2020,135225.0
Neumarkt in der Oberpfalz,09373,2021,136062.0
Neumarkt in der Oberpfalz,09373,2022,136901.0
Neumarkt in der Oberpfalz,09373,2023,138214.0
Neumarkt in der Oberpfalz,09373,2024,138693.0
Neumünster,01004,2020,79905.0
Neumünster,01004,2021,79496.0
Neumünster,01004,2022,78858.0
Neumünster,01004,2023,79461.0
Neumünster,01004,2024,79809.0
Neunkirchen,10043,2020,131172.0
Neunkirchen,10043,2021,130847.0
Neunkirchen,10043,2022,133544.0
Neunkirchen,10043,2023,133667.0
Neunkirchen,10043,2024,133179.0
Neustadt an der Aisch-Bad Windsheim,09575,2020,101272.0
Neustadt an der Aisch-Bad Windsheim,09575,2021,101788.0
Neustadt an der Aisch-Bad Windsheim,09575,2022,100568.0
Neustadt an der Aisch-Bad Windsheim,09575,2023,100982.0
Neustadt an der Aisch-Bad Windsheim,09575,2024,101043.0
Neustadt an der Waldnaab,09374,2020,94645.0
Neustadt an der Waldnaab,09374,2021,94838.0
Neustadt an der Waldnaab,09374,2022,95742.0
Neustadt an der Waldnaab,09374,2023,96209.0
Neustadt an der Waldnaab,09374,2024,96049.0
Neustadt an der Weinstraße,07316,2020,53306.0
Neustadt an der Weinstraße,07316,2021,53491.0
Neustadt an der Weinstraße,07316,2022,52759.0
Neustadt an der Weinstraße,07316,2023,52709.0
Neustadt an der Weinstraße,07316,2024,52945.0
Neuwied,07138,2020,183131.0
Neuwied,07138,2021,184390.0
Neuwied,07138,2022,187905.0
Neuwied,07138,2023,188656.0
Neuwied,07138,2024,189061.0
Niederschlesischer Oberlausitzkreis (b.31.07.2008),14284,2020,
Niederschlesischer Oberlausitzkreis (b.31.07.2008),14284,2021,
Niederschlesischer Oberlausitzkreis (b.31.07.2008),14284,2022,
Niederschlesischer Oberlausitzkreis (b.31.07.2008),14284,2023,
Niederschlesischer Oberlausitzkreis (b.31.07.2008),14284,2024,
Nienburg (Weser),03256,2020,121645.0
Nienburg (Weser),03256,2021,121773.0
Nienburg (Weser),03256,2022,121295.0
Nienburg (Weser),03256,2023,121723.0
Nienburg (Weser),03256,2024,121468.0
Nordfriesland,01054,2020,167147.0
Nordfriesland,01054,2021,167560.0
Nordfriesland,01054,2022,168886.0
Nordfriesland,01054,2023,170048.0
Nordfriesland,01054,2024,170029.0
Nordhausen,16062,2020,82456.0
Nordhausen,16062,2021,81687.0
Nordhausen,16062,2022,81811.0
Nordhausen,16062,2023,81502.0
Nordhausen,16062,2024,80762.0
Nordsachsen,14730,2020,197444.0
Nordsachsen,14730,2021,197529.0
Nordsachsen,14730,2022,200825.0
Nordsachsen,14730,2023,200778.0
Nordsachsen,14730,2024,199422.0
Nordvorpommern,13057,2020,
Nordvorpommern,13057,2021,
Nordvorpommern,13057,2022,
Nordvorpommern,13057,2023,
Nordvorpommern,13057,2024,
Nordwestmecklenburg,13058,2020,
Nordwestmecklenburg,13074,2020,157975.0
Nordwestmecklenburg,13058,2021,
Nordwestmecklenburg,13074,2021,158449.0
Nordwestmecklenburg,13058,2022,
Nordwestmecklenburg,13074,2022,157108.0
Nordwestmecklenburg,13058,2023,
Nordwestmecklenburg,13074,2023,157160.0
Nordwestmecklenburg,13058,2024,
Nordwestmecklenburg,13074,2024,156692.0
Northeim,03155,2020,131772.0
Northeim,03155,2021,131765.0
Northeim,03155,2022,126598.0
Northeim,03155,2023,126310.0
Northeim,03155,2024,125623.0
Nürnberg,09564,2020,515543.0
Nürnberg,09564,2021,510632.0
Nürnberg,09564,2022,523734.0
Nürnberg,09564,2023,526606.0
Nürnberg,09564,2024,529508.0
Nürnberger Land,09574,2020,171143.0
Nürnberger Land,09574,2021,171424.0
Nürnberger Land,09574,2022,168856.0
Nürnberger Land,09574,2023,169193.0
Nürnberger Land,09574,2024,168813.0
Oberallgäu,09780,2020,156308.0
Oberallgäu,09780,2021,157202.0
Oberallgäu,09780,2022,152664.0
Oberallgäu,09780,2023,153394.0
Oberallgäu,09780,2024,155413.0
Oberbergischer Kreis,05374,2020,271699.0
Oberbergischer Kreis,05374,2021,271621.0
Oberbergischer Kreis,05374,2022,273634.0
Oberbergischer Kreis,05374,2023,273963.0
Oberbergischer Kreis,05374,2024,274057.0
Oberhausen,05119,2020,209566.0
Oberhausen,05119,2021,208752.0
Oberhausen,05119,2022,213252.0
Oberhausen,05119,2023,213510.0
Oberhausen,05119,2024,213646.0
Oberhavel,12065,2020,214234.0
Oberhavel,12065,2021,215795.0
Oberhavel,12065,2022,216849.0
Oberhavel,12065,2023,217290.0
Oberhavel,12065,2024,217690.0
Oberspreewald-Lausitz,12066,2020,108396.0
Oberspreewald-Lausitz,12066,2021,107558.0
Oberspreewald-Lausitz,12066,2022,109091.0
Oberspreewald-Lausitz,12066,2023,108434.0
Oberspreewald-Lausitz,12066,2024,107793.0
Odenwaldkreis,06437,2020,96754.0
Odenwaldkreis,06437,2021,96953.0
Odenwaldkreis,06437,2022,94619.0
Odenwaldkreis,06437,2023,94246.0
Odenwaldkreis,06437,2024,93846.0
Oder-Spree,12067,2020,179276.0
Oder-Spree,12067,2021,179245.0
Oder-Spree,12067,2022,179748.0
Oder-Spree,12067,2023,180499.0
Oder-Spree,12067,2024,179817.0
Offenbach,06438,2020,356542.0
Offenbach,06438,2021,357466.0
Offenbach,06438,2022,353948.0
Offenbach,06438,2023,356578.0
Offenbach,06438,2024,358022.0
Offenbach am Main,06413,2020,130892.0
Offenbach am Main,06413,2021,131295.0
Offenbach am Main,06413,2022,130542.0
Offenbach am Main,06413,2023,131845.0
Offenbach am Main,06413,2024,132746.0
Ohrekreis (bis 30.06.2007),15362,2020,
Ohrekreis (bis 30.06.2007),15362,2021,
Ohrekreis (bis 30.06.2007),15362,2022,
Ohrekreis (bis 30.06.2007),15362,2023,
Ohrekreis (bis 30.06.2007),15362,2024,
Oldenburg,03458,2020,131467.0
Oldenburg,03458,2021,132091.0
Oldenburg,03458,2022,131228.0
Oldenburg,03458,2023,131965.0
Oldenburg,03458,2024,132008.0
Oldenburg (Oldenburg),03403,2020,169605.0
Oldenburg (Oldenburg),03403,2021,170389.0
Oldenburg (Oldenburg),03403,2022,174445.0
Oldenburg (Oldenburg),03403,2023,176242.0
Oldenburg (Oldenburg),03403,2024,176614.0
Olpe,05966,2020,133362.0
Olpe,05966,2021,133120.0
Olpe,05966,2022,132519.0
Olpe,05966,2023,132426.0
Olpe,05966,2024,132346.0
Ortenaukreis,08317,2020,432580.0
Ortenaukreis,08317,2021,434535.0
Ortenaukreis,08317,2022,440768.0
Ortenaukreis,08317,2023,443482.0
Ortenaukreis,08317,2024,444858.0
Osnabrück,03404,2020,164223.0
Osnabrück,03459,2020,359471.0
Osnabrück,03404,2021,165034.0
Osnabrück,03459,2021,361550.0
Osnabrück,03404,2022,165741.0
Osnabrück,03459,2022,356060.0
Osnabrück,03404,2023,165686.0
Osnabrück,03459,2023,356194.0
Osnabrück,03404,2024,166057.0
Osnabrück,03459,2024,354821.0
Ostalbkreis,08136,2020,314294.0
Ostalbkreis,08136,2021,315009.0
Ostalbkreis,08136,2022,316343.0
Ostalbkreis,08136,2023,317263.0
Ostalbkreis,08136,2024,317427.0
Ostallgäu,09777,2020,141907.0
Ostallgäu,09777,2021,143236.0
Ostallgäu,09777,2022,140153.0
Ostallgäu,09777,2023,141137.0
Ostallgäu,09777,2024,142047.0
Osterholz,03356,2020,114640.0
Osterholz,03356,2021,115054.0
Osterholz,03356,2022,113800.0
Osterholz,03356,2023,113784.0
Osterholz,03356,2024,113598.0
Osterode am Harz,03156,2020,
Osterode am Harz,03156,2021,
Osterode am Harz,03156,2022,
Osterode am Harz,03156,2023,
Osterode am Harz,03156,2024,
Ostholstein,01055,2020,201487.0
Ostholstein,01055,2021,202014.0
Ostholstein,01055,2022,200802.0
Ostholstein,01055,2023,201529.0
Ostholstein,01055,2024,201472.0
Ostprignitz-Ruppin,12068,2020,98808.0
Ostprignitz-Ruppin,12068,2021,98829.0
Ostprignitz-Ruppin,12068,2022,99294.0
Ostprignitz-Ruppin,12068,2023,99372.0
Ostprignitz-Ruppin,12068,2024,99152.0
Ostvorpommern,13059,2020,
Ostvorpommern,13059,2021,
Ostvorpommern,13059,2022,
Ostvorpommern,13059,2023,
Ostvorpommern,13059,2024,
Paderborn,05774,2020,308335.0
Paderborn,05774,2021,309380.0
Paderborn,05774,2022,313921.0
Paderborn,05774,2023,315606.0
Paderborn,05774,2024,315912.0
Parchim,13060,2020,
Parchim,13060,2021,
Parchim,13060,2022,
Parchim,13060,2023,
Parchim,13060,2024,
Passau,09262,2020,52415.0
Passau,09275,2020,193454.0
Passau,09262,2021,53093.0
Passau,09275,2021,194090.0
Passau,09262,2022,52361.0
Passau,09275,2022,193080.0
Passau,09262,2023,52894.0
Passau,09275,2023,194068.0
Passau,09262,2024,53039.0
Passau,09275,2024,194699.0
Peine,03157,2020,135844.0
Peine,03157,2021,136960.0
Peine,03157,2022,136719.0
Peine,03157,2023,136983.0
Peine,03157,2024,137045.0
Pfaffenhofen an der Ilm,09186,2020,129128.0
Pfaffenhofen an der Ilm,09186,2021,129772.0
Pfaffenhofen an der Ilm,09186,2022,128537.0
Pfaffenhofen an der Ilm,09186,2023,129497.0
Pfaffenhofen an der Ilm,09186,2024,130781.0
Pforzheim,08231,2020,126016.0
Pforzheim,08231,2021,125529.0
Pforzheim,08231,2022,133896.0
Pforzheim,08231,2023,135087.0
Pforzheim,08231,2024,134912.0
Pinneberg,01056,2020,317085.0
Pinneberg,01056,2021,318326.0
Pinneberg,01056,2022,321849.0
Pinneberg,01056,2023,323762.0
Pinneberg,01056,2024,325223.0
Pirmasens,07317,2020,40176.0
Pirmasens,07317,2021,40054.0
Pirmasens,07317,2022,39324.0
Pirmasens,07317,2023,39576.0
Pirmasens,07317,2024,39761.0
Plauen,14166,2020,
Plauen,14166,2021,
Plauen,14166,2022,
Plauen,14166,2023,
Plauen,14166,2024,
Plön,01057,2020,129353.0
Plön,01057,2021,129687.0
Plön,01057,2022,130494.0
Plön,01057,2023,130635.0
Plön,01057,2024,130609.0
Potsdam,12054,2020,182112.0
Potsdam,12054,2021,183154.0
Potsdam,12054,2022,182987.0
Potsdam,12054,2023,184290.0
Potsdam,12054,2024,184754.0
Potsdam-Mittelmark,12069,2020,217954.0
Potsdam-Mittelmark,12069,2021,219521.0
Potsdam-Mittelmark,12069,2022,219092.0
Potsdam-Mittelmark,12069,2023,220158.0
Potsdam-Mittelmark,12069,2024,221268.0
Prignitz,12070,2020,76096.0
Prignitz,12070,2021,75574.0
Prignitz,12070,2022,76322.0
Prignitz,12070,2023,76148.0
Prignitz,12070,2024,75595.0
Quedlinburg,15364,2020,
Quedlinburg,15364,2021,
Quedlinburg,15364,2022,
Quedlinburg,15364,2023,
Quedlinburg,15364,2024,
Rastatt,08216,2020,232091.0
Rastatt,08216,2021,232296.0
Rastatt,08216,2022,230698.0
Rastatt,08216,2023,231356.0
Rastatt,08216,2024,230737.0
Ravensburg,08436,2020,285888.0
Ravensburg,08436,2021,287011.0
Ravensburg,08436,2022,287393.0
Ravensburg,08436,2023,289725.0
Ravensburg,08436,2024,291102.0
Recklinghausen,05562,2020,613599.0
Recklinghausen,05562,2021,612801.0
Recklinghausen,05562,2022,621933.0
Recklinghausen,05562,2023,622855.0
Recklinghausen,05562,2024,621305.0
Regen,09276,2020,77313.0
Regen,09276,2021,77176.0
Regen,09276,2022,77503.0
Regen,09276,2023,77439.0
Regen,09276,2024,77267.0
Regensburg,09362,2020,152270.0
Regensburg,09375,2020,194275.0
Regensburg,09362,2021,153542.0
Regensburg,09375,2021,195225.0
Regensburg,09362,2022,147509.0
Regensburg,09375,2022,191651.0
Regensburg,09362,2023,149664.0
Regensburg,09375,2023,193801.0
Regensburg,09362,2024,151389.0
Regensburg,09375,2024,196213.0
Region Hannover,03241,2020,1155330.0
Region Hannover,03241,2021,1157541.0
Region Hannover,03241,2022,1134284.0
Region Hannover,03241,2023,1138943.0
Region Hannover,03241,2024,1140888.0
Regionalverband Saarbrücken,10041,2020,327502.0
Regionalverband Saarbrücken,10041,2021,327284.0
Regionalverband Saarbrücken,10041,2022,330672.0
Regionalverband Saarbrücken,10041,2023,332416.0
Regionalverband Saarbrücken,10041,2024,333149.0
Rems-Murr-Kreis,08119,2020,427286.0
Rems-Murr-Kreis,08119,2021,427316.0
Rems-Murr-Kreis,08119,2022,438079.0
Rems-Murr-Kreis,08119,2023,440103.0
Rems-Murr-Kreis,08119,2024,440696.0
Remscheid,05120,2020,111516.0
Remscheid,05120,2021,111770.0
Remscheid,05120,2022,113731.0
Remscheid,05120,2023,114061.0
Remscheid,05120,2024,113828.0
Rendsburg-Eckernförde,01058,2020,274765.0
Rendsburg-Eckernförde,01058,2021,276053.0
Rendsburg-Eckernförde,01058,2022,276964.0
Rendsburg-Eckernförde,01058,2023,277888.0
Rendsburg-Eckernförde,01058,2024,278058.0
Reutlingen,08415,2020,287497.0
Reutlingen,08415,2021,288158.0
Reutlingen,08415,2022,291335.0
Reutlingen,08415,2023,293385.0
Reutlingen,08415,2024,293483.0
Rhein-Erft-Kreis,05362,2020,469611.0
Rhein-Erft-Kreis,05362,2021,471891.0
Rhein-Erft-Kreis,05362,2022,473669.0
Rhein-Erft-Kreis,05362,2023,476412.0
Rhein-Erft-Kreis,05362,2024,477988.0
Rhein-Hunsrück-Kreis,07140,2020,103401.0
Rhein-Hunsrück-Kreis,07140,2021,103767.0
Rhein-Hunsrück-Kreis,07140,2022,105740.0
Rhein-Hunsrück-Kreis,07140,2023,106390.0
Rhein-Hunsrück-Kreis,07140,2024,106705.0
Rhein-Kreis Neuss,05162,2020,452001.0
Rhein-Kreis Neuss,05162,2021,452496.0
Rhein-Kreis Neuss,05162,2022,455818.0
Rhein-Kreis Neuss,05162,2023,457398.0
Rhein-Kreis Neuss,05162,2024,457077.0
Rhein-Lahn-Kreis,07141,2020,122574.0
Rhein-Lahn-Kreis,07141,2021,122724.0
Rhein-Lahn-Kreis,07141,2022,124860.0
Rhein-Lahn-Kreis,07141,2023,125283.0
Rhein-Lahn-Kreis,07141,2024,125588.0
Rhein-Neckar-Kreis,08226,2020,548233.0
Rhein-Neckar-Kreis,08226,2021,549030.0
Rhein-Neckar-Kreis,08226,2022,556316.0
Rhein-Neckar-Kreis,08226,2023,557819.0
Rhein-Neckar-Kreis,08226,2024,558561.0
Rhein-Pfalz-Kreis,07338,2020,154754.0
Rhein-Pfalz-Kreis,07338,2021,155050.0
Rhein-Pfalz-Kreis,07338,2022,155061.0
Rhein-Pfalz-Kreis,07338,2023,155525.0
Rhein-Pfalz-Kreis,07338,2024,155882.0
Rhein-Sieg-Kreis,05382,2020,600375.0
Rhein-Sieg-Kreis,05382,2021,600732.0
Rhein-Sieg-Kreis,05382,2022,602933.0
Rhein-Sieg-Kreis,05382,2023,605283.0
Rhein-Sieg-Kreis,05382,2024,605441.0
Rheingau-Taunus-Kreis,06439,2020,187433.0
Rheingau-Taunus-Kreis,06439,2021,187229.0
Rheingau-Taunus-Kreis,06439,2022,185684.0
Rheingau-Taunus-Kreis,06439,2023,186050.0
Rheingau-Taunus-Kreis,06439,2024,185651.0
Rheinisch-Bergischer Kreis,05378,2020,283275.0
Rheinisch-Bergischer Kreis,05378,2021,283429.0
Rheinisch-Bergischer Kreis,05378,2022,283037.0
Rheinisch-Bergischer Kreis,05378,2023,283607.0
Rheinisch-Bergischer Kreis,05378,2024,284273.0
Rhön-Grabfeld,09673,2020,79510.0
Rhön-Grabfeld,09673,2021,79376.0
Rhön-Grabfeld,09673,2022,79216.0
Rhön-Grabfeld,09673,2023,79430.0
Rhön-Grabfeld,09673,2024,79375.0
Riesa-Großenhain,14285,2020,
Riesa-Großenhain,14285,2021,
Riesa-Großenhain,14285,2022,
Riesa-Großenhain,14285,2023,
Riesa-Großenhain,14285,2024,
Rosenheim,09163,2020,63591.0
Rosenheim,09187,2020,261721.0
Rosenheim,09163,2021,63508.0
Rosenheim,09187,2021,263367.0
Rosenheim,09163,2022,63641.0
Rosenheim,09187,2022,255306.0
Rosenheim,09163,2023,64453.0
Rosenheim,09187,2023,256815.0
Rosenheim,09163,2024,65274.0
Rosenheim,09187,2024,258637.0
Rostock,13003,2020,209061.0
Rostock,13072,2020,217072.0
Rostock,13003,2021,208400.0
Rostock,13072,2021,217796.0
Rostock,13003,2022,203909.0
Rostock,13072,2022,218132.0
Rostock,13003,2023,204948.0
Rostock,13072,2023,218780.0
Rostock,13003,2024,205307.0
Rostock,13072,2024,218721.0
Rotenburg (Wümme),03357,2020,164486.0
Rotenburg (Wümme),03357,2021,165001.0
Rotenburg (Wümme),03357,2022,164657.0
Rotenburg (Wümme),03357,2023,165561.0
Rotenburg (Wümme),03357,2024,165904.0
Roth,09576,2020,127168.0
Roth,09576,2021,127520.0
Roth,09576,2022,127472.0
Roth,09576,2023,128438.0
Roth,09576,2024,128632.0
Rottal-Inn,09277,2020,121800.0
Rottal-Inn,09277,2021,122252.0
Rottal-Inn,09277,2022,119864.0
Rottal-Inn,09277,2023,120475.0
Rottal-Inn,09277,2024,120497.0
Rottweil,08325,2020,140166.0
Rottweil,08325,2021,140446.0
Rottweil,08325,2022,139968.0
Rottweil,08325,2023,140344.0
Rottweil,08325,2024,140237.0
Rügen,13061,2020,
Rügen,13061,2021,
Rügen,13061,2022,
Rügen,13061,2023,
Rügen,13061,2024,
Saale-Holzland-Kreis,16074,2020,82816.0
Saale-Holzland-Kreis,16074,2021,82513.0
Saale-Holzland-Kreis,16074,2022,83595.0
Saale-Holzland-Kreis,16074,2023,84040.0
Saale-Holzland-Kreis,16074,2024,83342.0
Saale-Orla-Kreis,16075,2020,79632.0
Saale-Orla-Kreis,16075,2021,79030.0
Saale-Orla-Kreis,16075,2022,78404.0
Saale-Orla-Kreis,16075,2023,77859.0
Saale-Orla-Kreis,16075,2024,77341.0
Saalekreis,15088,2020,183434.0
Saalekreis,15088,2021,182814.0
Saalekreis,15088,2022,182390.0
Saalekreis,15088,2023,182677.0
Saalekreis,15088,2024,182451.0
Saalfeld-Rudolstadt,16073,2020,102139.0
Saalfeld-Rudolstadt,16073,2021,100969.0
Saalfeld-Rudolstadt,16073,2022,101556.0
Saalfeld-Rudolstadt,16073,2023,101111.0
Saalfeld-Rudolstadt,16073,2024,100105.0
Saalkreis (bis 30.06.2007),15265,2020,
Saalkreis (bis 30.06.2007),15265,2021,
Saalkreis (bis 30.06.2007),15265,2022,
Saalkreis (bis 30.06.2007),15265,2023,
Saalkreis (bis 30.06.2007),15265,2024,
Saarlouis,10044,2020,193732.0
Saarlouis,10044,2021,193661.0
Saarlouis,10044,2022,205785.0
Saarlouis,10044,2023,206094.0
Saarlouis,10044,2024,205129.0
Saarpfalz-Kreis,10045,2020,141656.0
Saarpfalz-Kreis,10045,2021,140960.0
Saarpfalz-Kreis,10045,2022,144492.0
Saarpfalz-Kreis,10045,2023,144478.0
Saarpfalz-Kreis,10045,2024,144092.0
Salzgitter,03102,2020,103866.0
Salzgitter,03102,2021,103694.0
Salzgitter,03102,2022,104564.0
Salzgitter,03102,2023,105056.0
Salzgitter,03102,2024,104970.0
Salzlandkreis,15089,2020,187457.0
Salzlandkreis,15089,2021,185495.0
Salzlandkreis,15089,2022,183727.0
Salzlandkreis,15089,2023,182296.0
Salzlandkreis,15089,2024,180771.0
Sangerhausen,15266,2020,
Sangerhausen,15266,2021,
Sangerhausen,15266,2022,
Sangerhausen,15266,2023,
Sangerhausen,15266,2024,
Sankt Wendel,10046,2020,86458.0
Sankt Wendel,10046,2021,86170.0
Sankt Wendel,10046,2022,88005.0
Sankt Wendel,10046,2023,88056.0
Sankt Wendel,10046,2024,87813.0
Schaumburg,03257,2020,158406.0
Schaumburg,03257,2021,158108.0
Schaumburg,03257,2022,156747.0
Schaumburg,03257,2023,157051.0
Schaumburg,03257,2024,156841.0
Schleswig-Flensburg,01059,2020,202647.0
Schleswig-Flensburg,01059,2021,203799.0
Schleswig-Flensburg,01059,2022,204255.0
Schleswig-Flensburg,01059,2023,204761.0
Schleswig-Flensburg,01059,2024,205472.0
Schmalkalden-Meiningen,16066,2020,124241.0
Schmalkalden-Meiningen,16066,2021,123404.0
Schmalkalden-Meiningen,16066,2022,121791.0
Schmalkalden-Meiningen,16066,2023,121151.0
Schmalkalden-Meiningen,16066,2024,120214.0
Schwabach,09565,2020,41056.0
Schwabach,09565,2021,41146.0
Schwabach,09565,2022,40812.0
Schwabach,09565,2023,40994.0
Schwabach,09565,2024,40835.0
Schwalm-Eder-Kreis,06634,2020,179840.0
Schwalm-Eder-Kreis,06634,2021,180052.0
Schwalm-Eder-Kreis,06634,2022,179406.0
Schwalm-Eder-Kreis,06634,2023,180368.0
Schwalm-Eder-Kreis,06634,2024,180071.0
Schwandorf,09376,2020,148477.0
Schwandorf,09376,2021,149239.0
Schwandorf,09376,2022,147982.0
Schwandorf,09376,2023,148698.0
Schwandorf,09376,2024,149312.0
Schwarzwald-Baar-Kreis,08326,2020,212872.0
Schwarzwald-Baar-Kreis,08326,2021,213385.0
Schwarzwald-Baar-Kreis,08326,2022,212293.0
Schwarzwald-Baar-Kreis,08326,2023,213922.0
Schwarzwald-Baar-Kreis,08326,2024,214065.0
Schweinfurt,09662,2020,53319.0
Schweinfurt,09678,2020,115652.0
Schweinfurt,09662,2021,53585.0
Schweinfurt,09678,2021,116134.0
Schweinfurt,09662,2022,53539.0
Schweinfurt,09678,2022,114749.0
Schweinfurt,09662,2023,53938.0
Schweinfurt,09678,2023,114404.0
Schweinfurt,09662,2024,54481.0
Schweinfurt,09678,2024,113977.0
Schwerin,13004,2020,95609.0
Schwerin,13004,2021,95740.0
Schwerin,13004,2022,97614.0
Schwerin,13004,2023,97850.0
Schwerin,13004,2024,98308.0
Schwäbisch Hall,08127,2020,197860.0
Schwäbisch Hall,08127,2021,199398.0
Schwäbisch Hall,08127,2022,198650.0
Schwäbisch Hall,08127,2023,200597.0
Schwäbisch Hall,08127,2024,200902.0
Schönebeck,15367,2020,
Schönebeck,15367,2021,
Schönebeck,15367,2022,
Schönebeck,15367,2023,
Schönebeck,15367,2024,
Segeberg,01060,2020,278007.0
Segeberg,01060,2021,280400.0
Segeberg,01060,2022,279922.0
Segeberg,01060,2023,282268.0
Segeberg,01060,2024,283562.0
Siegen-Wittgenstein,05970,2020,275491.0
Siegen-Wittgenstein,05970,2021,274342.0
Siegen-Wittgenstein,05970,2022,274634.0
Siegen-Wittgenstein,05970,2023,274379.0
Siegen-Wittgenstein,05970,2024,274074.0
Sigmaringen,08437,2020,130946.0
Sigmaringen,08437,2021,131725.0
Sigmaringen,08437,2022,132507.0
Sigmaringen,08437,2023,132758.0
Sigmaringen,08437,2024,132167.0
Soest,05974,2020,301016.0
Soest,05974,2021,302298.0
Soest,05974,2022,299749.0
Soest,05974,2023,300347.0
Soest,05974,2024,300297.0
Solingen,05122,2020,159193.0
Solingen,05122,2021,158957.0
Solingen,05122,2022,165229.0
Solingen,05122,2023,166078.0
Solingen,05122,2024,165626.0
Sonneberg,16072,2020,57044.0
Sonneberg,16072,2021,56504.0
Sonneberg,16072,2022,56412.0
Sonneberg,16072,2023,55959.0
Sonneberg,16072,2024,54964.0
Speyer,07318,2020,50741.0
Speyer,07318,2021,50565.0
Speyer,07318,2022,49881.0
Speyer,07318,2023,49874.0
Speyer,07318,2024,49564.0
Spree-Neiße,12071,2020,113011.0
Spree-Neiße,12071,2021,111955.0
Spree-Neiße,12071,2022,111083.0
Spree-Neiße,12071,2023,110580.0
Spree-Neiße,12071,2024,109635.0
Stade,03359,2020,205357.0
Stade,03359,2021,206496.0
Stade,03359,2022,206375.0
Stade,03359,2023,207659.0
Stade,03359,2024,207700.0
Starnberg,09188,2020,136610.0
Starnberg,09188,2021,136747.0
Starnberg,09188,2022,138488.0
Starnberg,09188,2023,138926.0
Starnberg,09188,2024,139329.0
Steinburg,01061,2020,130706.0
Steinburg,01061,2021,130843.0
Steinburg,01061,2022,131712.0
Steinburg,01061,2023,132447.0
Steinburg,01061,2024,132731.0
Steinfurt,05566,2020,448197.0
Steinfurt,05566,2021,450176.0
Steinfurt,05566,2022,447192.0
Steinfurt,05566,2023,450042.0
Steinfurt,05566,2024,451712.0
Stendal,15090,2020,110485.0
Stendal,15363,2020,
Stendal,15090,2021,109746.0
Stendal,15363,2021,
Stendal,15090,2022,107462.0
Stendal,15363,2022,
Stendal,15090,2023,106793.0
Stendal,15363,2023,
Stendal,15090,2024,106538.0
Stendal,15363,2024,
Stollberg,14188,2020,
Stollberg,14188,2021,
Stollberg,14188,2022,
Stollberg,14188,2023,
Stollberg,14188,2024,
Stormarn,01062,2020,244989.0
Stormarn,01062,2021,245406.0
Stormarn,01062,2022,245822.0
Stormarn,01062,2023,246201.0
Stormarn,01062,2024,246974.0
Stralsund,13005,2020,
Stralsund,13005,2021,
Stralsund,13005,2022,
Stralsund,13005,2023,
Stralsund,13005,2024,
Straubing,09263,2020,47612.0
Straubing,09263,2021,47854.0
Straubing,09263,2022,46953.0
Straubing,09263,2023,47524.0
Straubing,09263,2024,49002.0
Straubing-Bogen,09278,2020,101745.0
Straubing-Bogen,09278,2021,102398.0
Straubing-Bogen,09278,2022,102914.0
Straubing-Bogen,09278,2023,103329.0
Straubing-Bogen,09278,2024,103041.0
Stuttgart,08111,2020,630305.0
Stuttgart,08111,2021,626275.0
Stuttgart,08111,2022,612041.0
Stuttgart,08111,2023,613111.0
Stuttgart,08111,2024,612663.0
Städteregion Aachen,05334,2020,556631.0
Städteregion Aachen,05334,2021,556673.0
Städteregion Aachen,05334,2022,580359.0
Städteregion Aachen,05334,2023,582463.0
Städteregion Aachen,05334,2024,582410.0
Suhl,16054,2020,36395.0
Suhl,16054,2021,36054.0
Suhl,16054,2022,36325.0
Suhl,16054,2023,36307.0
Suhl,16054,2024,34685.0
Sächsische Schweiz,14287,2020,
Sächsische Schweiz,14287,2021,
Sächsische Schweiz,14287,2022,
Sächsische Schweiz,14287,2023,
Sächsische Schweiz,14287,2024,
Sächsische Schweiz-Osterzgebirge,14628,2020,244722.0
Sächsische Schweiz-Osterzgebirge,14628,2021,244009.0
Sächsische Schweiz-Osterzgebirge,14628,2022,245313.0
Sächsische Schweiz-Osterzgebirge,14628,2023,245143.0
Sächsische Schweiz-Osterzgebirge,14628,2024,243996.0
Sömmerda,16068,2020,69107.0
Sömmerda,16068,2021,68717.0
Sömmerda,16068,2022,68325.0
Sömmerda,16068,2023,68109.0
Sömmerda,16068,2024,67693.0
Südliche Weinstraße,07337,2020,110783.0
Südliche Weinstraße,07337,2021,111279.0
Südliche Weinstraße,07337,2022,112907.0
Südliche Weinstraße,07337,2023,113150.0
Südliche Weinstraße,07337,2024,113031.0
Südwestpfalz,07340,2020,94912.0
Südwestpfalz,07340,2021,94819.0
Südwestpfalz,07340,2022,90144.0
Südwestpfalz,07340,2023,90168.0
Südwestpfalz,07340,2024,89974.0
Teltow-Fläming,12072,2020,171554.0
Teltow-Fläming,12072,2021,172545.0
Teltow-Fläming,12072,2022,175569.0
Teltow-Fläming,12072,2023,177420.0
Teltow-Fläming,12072,2024,177688.0
Tirschenreuth,09377,2020,71696.0
Tirschenreuth,09377,2021,71648.0
Tirschenreuth,09377,2022,72561.0
Tirschenreuth,09377,2023,72545.0
Tirschenreuth,09377,2024,72210.0
Torgau-Oschatz,14389,2020,
Torgau-Oschatz,14389,2021,
Torgau-Oschatz,14389,2022,
Torgau-Oschatz,14389,2023,
Torgau-Oschatz,14389,2024,
Traunstein,09189,2020,177485.0
Traunstein,09189,2021,178447.0
Traunstein,09189,2022,170984.0
Traunstein,09189,2023,172021.0
Traunstein,09189,2024,175144.0
Trier,07211,2020,110674.0
Trier,07211,2021,110570.0
Trier,07211,2022,103307.0
Trier,07211,2023,103986.0
Trier,07211,2024,104342.0
Trier-Saarburg,07235,2020,150533.0
Trier-Saarburg,07235,2021,151167.0
Trier-Saarburg,07235,2022,149015.0
Trier-Saarburg,07235,2023,149056.0
Trier-Saarburg,07235,2024,148953.0
Tuttlingen,08327,2020,141682.0
Tuttlingen,08327,2021,142414.0
Tuttlingen,08327,2022,143677.0
Tuttlingen,08327,2023,144955.0
Tuttlingen,08327,2024,145208.0
Tübingen,08416,2020,228471.0
Tübingen,08416,2021,229806.0
Tübingen,08416,2022,230987.0
Tübingen,08416,2023,232897.0
Tübingen,08416,2024,233546.0
Uckermark,12073,2020,118250.0
Uckermark,12073,2021,117336.0
Uckermark,12073,2022,117822.0
Uckermark,12073,2023,117797.0
Uckermark,12073,2024,117432.0
Uecker-Randow,13062,2020,
Uecker-Randow,13062,2021,
Uecker-Randow,13062,2022,
Uecker-Randow,13062,2023,
Uecker-Randow,13062,2024,
Uelzen,03360,2020,92566.0
Uelzen,03360,2021,92894.0
Uelzen,03360,2022,91059.0
Uelzen,03360,2023,91832.0
Uelzen,03360,2024,91638.0
Ulm,08421,2020,126405.0
Ulm,08421,2021,126949.0
Ulm,08421,2022,127932.0
Ulm,08421,2023,128998.0
Ulm,08421,2024,129882.0
Unna,05978,2020,393618.0
Unna,05978,2021,393063.0
Unna,05978,2022,395619.0
Unna,05978,2023,396283.0
Unna,05978,2024,393784.0
Unstrut-Hainich-Kreis,16064,2020,101698.0
Unstrut-Hainich-Kreis,16064,2021,101269.0
Unstrut-Hainich-Kreis,16064,2022,100435.0
Unstrut-Hainich-Kreis,16064,2023,96458.0
Unstrut-Hainich-Kreis,16064,2024,94613.0
Unterallgäu,09778,2020,146164.0
Unterallgäu,09778,2021,147776.0
Unterallgäu,09778,2022,143384.0
Unterallgäu,09778,2023,145298.0
Unterallgäu,09778,2024,147255.0
Vechta,03460,2020,143698.0
Vechta,03460,2021,144805.0
Vechta,03460,2022,145552.0
Vechta,03460,2023,146400.0
Vechta,03460,2024,146539.0
Verden,03361,2020,137574.0
Verden,03361,2021,138507.0
Verden,03361,2022,137793.0
Verden,03361,2023,138273.0
Verden,03361,2024,138626.0
Viersen,05166,2020,298536.0
Viersen,05166,2021,298761.0
Viersen,05166,2022,295362.0
Viersen,05166,2023,297504.0
Viersen,05166,2024,297857.0
Vogelsbergkreis,06535,2020,105506.0
Vogelsbergkreis,06535,2021,105671.0
Vogelsbergkreis,06535,2022,101545.0
Vogelsbergkreis,06535,2023,101494.0
Vogelsbergkreis,06535,2024,101163.0
Vogtlandkreis,14523,2020,223905.0
Vogtlandkreis,14523,2021,221376.0
Vogtlandkreis,14523,2022,221783.0
Vogtlandkreis,14523,2023,221088.0
Vogtlandkreis,14523,2024,219100.0
Vogtlandkreis (bis 31.07.2008),14178,2020,
Vogtlandkreis (bis 31.07.2008),14178,2021,
Vogtlandkreis (bis 31.07.2008),14178,2022,
Vogtlandkreis (bis 31.07.2008),14178,2023,
Vogtlandkreis (bis 31.07.2008),14178,2024,
Vorpommern-Greifswald,13075,2020,235773.0
Vorpommern-Greifswald,13075,2021,235451.0
Vorpommern-Greifswald,13075,2022,226324.0
Vorpommern-Greifswald,13075,2023,226181.0
Vorpommern-Greifswald,13075,2024,224956.0
Vorpommern-Rügen,13073,2020,225383.0
Vorpommern-Rügen,13073,2021,225900.0
Vorpommern-Rügen,13073,2022,215983.0
Vorpommern-Rügen,13073,2023,216175.0
Vorpommern-Rügen,13073,2024,215203.0
Vulkaneifel,07233,2020,60491.0
Vulkaneifel,07233,2021,60882.0
Vulkaneifel,07233,2022,59389.0
Vulkaneifel,07233,2023,59542.0
Vulkaneifel,07233,2024,59313.0
Waldeck-Frankenberg,06635,2020,156528.0
Waldeck-Frankenberg,06635,2021,156513.0
Waldeck-Frankenberg,06635,2022,155068.0
Waldeck-Frankenberg,06635,2023,155135.0
Waldeck-Frankenberg,06635,2024,155126.0
Waldshut,08337,2020,171237.0
Waldshut,08337,2021,171249.0
Waldshut,08337,2022,170765.0
Waldshut,08337,2023,171777.0
Waldshut,08337,2024,171579.0
Warendorf,05570,2020,277417.0
Warendorf,05570,2021,278176.0
Warendorf,05570,2022,281090.0
Warendorf,05570,2023,282216.0
Warendorf,05570,2024,282639.0
Wartburgkreis,16063,2020,117967.0
Wartburgkreis,16063,2021,158900.0
Wartburgkreis,16063,2022,156566.0
Wartburgkreis,16063,2023,156334.0
Wartburgkreis,16063,2024,154957.0
Weiden in der Oberpfalz,09363,2020,42535.0
Weiden in der Oberpfalz,09363,2021,42472.0
Weiden in der Oberpfalz,09363,2022,42251.0
Weiden in der Oberpfalz,09363,2023,42430.0
Weiden in der Oberpfalz,09363,2024,42444.0
Weilheim-Schongau,09190,2020,136134.0
Weilheim-Schongau,09190,2021,136642.0
Weilheim-Schongau,09190,2022,136811.0
Weilheim-Schongau,09190,2023,138052.0
Weilheim-Schongau,09190,2024,138957.0
Weimar,16055,2020,65098.0
Weimar,16055,2021,65138.0
Weimar,16055,2022,65507.0
Weimar,16055,2023,65528.0
Weimar,16055,2024,65954.0
Weimarer Land,16071,2020,82291.0
Weimarer Land,16071,2021,82103.0
Weimarer Land,16071,2022,83148.0
Weimarer Land,16071,2023,82868.0
Weimarer Land,16071,2024,82392.0
Weißenburg-Gunzenhausen,09577,2020,95117.0
Weißenburg-Gunzenhausen,09577,2021,95523.0
Weißenburg-Gunzenhausen,09577,2022,94468.0
Weißenburg-Gunzenhausen,09577,2023,94670.0
Weißenburg-Gunzenhausen,09577,2024,94695.0
Weißenfels,15268,2020,
Weißenfels,15268,2021,
Weißenfels,15268,2022,
Weißenfels,15268,2023,
Weißenfels,15268,2024,
Weißeritzkreis (bis 31.07.2008),14290,2020,
Weißeritzkreis (bis 31.07.2008),14290,2021,
Weißeritzkreis (bis 31.07.2008),14290,2022,
Weißeritzkreis (bis 31.07.2008),14290,2023,
Weißeritzkreis (bis 31.07.2008),14290,2024,
Wernigerode,15369,2020,
Wernigerode,15369,2021,
Wernigerode,15369,2022,
Wernigerode,15369,2023,
Wernigerode,15369,2024,
Werra-Meißner-Kreis,06636,2020,100046.0
Werra-Meißner-Kreis,06636,2021,99714.0
Werra-Meißner-Kreis,06636,2022,98044.0
Werra-Meißner-Kreis,06636,2023,98055.0
Werra-Meißner-Kreis,06636,2024,97695.0
Wesel,05170,2020,460113.0
Wesel,05170,2021,460433.0
Wesel,05170,2022,455854.0
Wesel,05170,2023,457545.0
Wesel,05170,2024,457918.0
Wesermarsch,03461,2020,88524.0
Wesermarsch,03461,2021,88430.0
Wesermarsch,03461,2022,89127.0
Wesermarsch,03461,2023,89316.0
Wesermarsch,03461,2024,88936.0
Westerwaldkreis,07143,2020,202830.0
Westerwaldkreis,07143,2021,203831.0
Westerwaldkreis,07143,2022,207154.0
Westerwaldkreis,07143,2023,207648.0
Westerwaldkreis,07143,2024,207803.0
Wetteraukreis,06440,2020,310353.0
Wetteraukreis,06440,2021,311661.0
Wetteraukreis,06440,2022,309348.0
Wetteraukreis,06440,2023,310705.0
Wetteraukreis,06440,2024,311593.0
Wiesbaden,06414,2020,278609.0
Wiesbaden,06414,2021,278950.0
Wiesbaden,06414,2022,284787.0
Wiesbaden,06414,2023,287241.0
Wiesbaden,06414,2024,288850.0
Wilhelmshaven,03405,2020,75189.0
Wilhelmshaven,03405,2021,75027.0
Wilhelmshaven,03405,2022,75860.0
Wilhelmshaven,03405,2023,76010.0
Wilhelmshaven,03405,2024,75745.0
Wismar,13006,2020,
Wismar,13006,2021,
Wismar,13006,2022,
Wismar,13006,2023,
Wismar,13006,2024,
Wittenberg,15091,2020,124185.0
Wittenberg,15171,2020,
Wittenberg,15091,2021,123341.0
Wittenberg,15171,2021,
Wittenberg,15091,2022,122808.0
Wittenberg,15171,2022,
Wittenberg,15091,2023,122230.0
Wittenberg,15171,2023,
Wittenberg,15091,2024,121694.0
Wittenberg,15171,2024,
Wittmund,03462,2020,57384.0
Wittmund,03462,2021,57455.0
Wittmund,03462,2022,55953.0
Wittmund,03462,2023,56013.0
Wittmund,03462,2024,55969.0
Wolfenbüttel,03158,2020,119361.0
Wolfenbüttel,03158,2021,119224.0
Wolfenbüttel,03158,2022,118296.0
Wolfenbüttel,03158,2023,118540.0
Wolfenbüttel,03158,2024,118290.0
Wolfsburg,03103,2020,123840.0
Wolfsburg,03103,2021,123949.0
Wolfsburg,03103,2022,127990.0
Wolfsburg,03103,2023,129347.0
Wolfsburg,03103,2024,129560.0
Worms,07319,2020,83459.0
Worms,07319,2021,83850.0
Worms,07319,2022,85378.0
Worms,07319,2023,86403.0
Worms,07319,2024,86753.0
Wunsiedel im Fichtelgebirge,09479,2020,71974.0
Wunsiedel im Fichtelgebirge,09479,2021,71482.0
Wunsiedel im Fichtelgebirge,09479,2022,70963.0
Wunsiedel im Fichtelgebirge,09479,2023,70959.0
Wunsiedel im Fichtelgebirge,09479,2024,70549.0
Wuppertal,05124,2020,355004.0
Wuppertal,05124,2021,354572.0
Wuppertal,05124,2022,358568.0
Wuppertal,05124,2023,358592.0
Wuppertal,05124,2024,358193.0
Würzburg,09663,2020,126954.0
Würzburg,09679,2020,162697.0
Würzburg,09663,2021,126933.0
Würzburg,09679,2021,163534.0
Würzburg,09663,2022,131271.0
Würzburg,09679,2022,160240.0
Würzburg,09663,2023,131759.0
Würzburg,09679,2023,160879.0
Würzburg,09663,2024,133258.0
Würzburg,09679,2024,162216.0
Zollernalbkreis,08417,2020,189862.0
Zollernalbkreis,08417,2021,190545.0
Zollernalbkreis,08417,2022,192726.0
Zollernalbkreis,08417,2023,193339.0
Zollernalbkreis,08417,2024,193326.0
Zweibrücken,07320,2020,34001.0
Zweibrücken,07320,2021,34091.0
Zweibrücken,07320,2022,33264.0
Zweibrücken,07320,2023,33355.0
Zweibrücken,07320,2024,33323.0
Zwickau,14167,2020,
Zwickau,14524,2020,312033.0
Zwickau,14167,2021,
Zwickau,14524,2021,309621.0
Zwickau,14167,2022,
Zwickau,14524,2022,310532.0
Zwickau,14167,2023,
Zwickau,14524,2023,309866.0
Zwickau,14167,2024,
Zwickau,14524,2024,306793.0
Zwickauer Land,14193,2020,
Zwickauer Land,14193,2021,
Zwickauer Land,14193,2022,
Zwickauer Land,14193,2023,
Zwickauer Land,14193,2024,

