Gemeente;Totaal;Jonger dan 10;10 tot 20;20 tot 30;40 tot 50;50 tot 60;30 tot 40;60 tot 70;70 tot 80;80 of ouder
Aa en Hunze;100;116;107;123;96;97;98;101;96;70
Aalsmeer;99;108;104;108;92;103;93;103;98;65
Aalten;101;102;113;114;98;104;106;100;94;68
Achtkarspelen;104;106;114;117;103;108;103;102;101;63
Alblasserdam;97;108;102;103;95;95;102;103;83;66
Albrandswaard;99;109;108;109;96;97;93;102;93;63
Alkmaar;98;106;108;102;100;101;101;93;90;65
Almelo;100;107;104;110;101;105;106;95;92;64
Almere;99;105;104;103;92;96;97;100;99;68
Alphen aan den Rijn;99;105;103;107;100;103;101;96;94;68
Alphen-Chaam;104;111;112;116;96;106;89;111;103;82
Altena;101;105;110;108;100;104;102;100;95;69
Ameland;102;113;102;109;104;103;105;97;96;79
Amersfoort;98;104;106;103;97;99;99;98;90;59
Amstelveen;93;104;107;95;96;94;96;92;82;58
Amsterdam;98;106;100;87;103;107;104;101;92;65
Apeldoorn;100;108;109;107;98;103;104;98;90;65
Arnhem;100;106;106;102;101;105;104;98;89;64
Assen;98;108;109;106;98;100;102;92;89;63
Asten;104;112;109;110;101;103;111;106;102;69
Baarle-Nassau;102;112;112;99;113;98;93;105;101;78
Baarn;94;106;109;104;96;96;99;93;84;58
Barendrecht;97;109;104;115;87;101;89;98;88;71
Barneveld;100;107;107;104;101;97;102;104;90;64
Beek (L.);95;103;89;103;93;95;103;101;93;67
Beekdaelen;99;107;111;109;99;101;98;100;97;67
Beesel;101;110;106;112;103;103;97;104;96;67
Berg en Dal;99;105;113;118;94;99;100;100;97;62
Bergeijk;105;105;114;112;102;105;113;109;100;73
Bergen (L.);101;98;98;109;99;103;108;102;107;75
Bergen (NH.);93;105;100;122;89;92;95;93;86;72
Bergen op Zoom;99;109;103;108;97;100;100;98;95;69
Berkelland;100;103;107;114;100;103;105;101;96;66
Bernheze;103;107;106;115;104;104;99;103;100;72
Best;99;102;106;106;91;98;104;104;98;72
Beuningen;100;104;110;113;99;96;101;98;101;66
Beverwijk;101;105;109;105;100;108;106;100;93;62
De Bilt;93;109;108;107;93;91;92;95;83;57
Bladel;103;106;113;110;104;106;108;105;95;70
Blaricum;96;107;107;119;99;96;80;87;94;80
Bloemendaal;94;113;101;114;88;97;82;96;91;66
Bodegraven-Reeuwijk;100;103;108;108;102;99;101;103;93;69
Boekel;104;96;108;108;101;109;107;112;106;71
Borger-Odoorn;100;101;109;114;97;98;103;98;104;74
Borne;99;103;117;107;103;97;96;95;95;74
Borsele;103;102;107;120;97;104;106;103;102;75
Boxtel;99;103;102;111;98;99;105;100;96;68
Breda;97;103;103;97;97;101;103;97;91;65
Brielle;97;105;103;104;93;100;102;99;90;71
Bronckhorst;100;102;100;116;95;102;105;106;98;67
Brummen;99;107;108;107;97;99;103;98;96;69
Brunssum;97;110;103;109;99;94;109;99;91;59
Bunnik;98;106;114;109;100;100;88;98;90;67
Bunschoten;100;102;99;103;102;104;102;101;91;67
Buren;101;103;103;111;99;104;99;104;100;69
Capelle aan den IJssel;94;107;103;103;95;91;93;90;92;60
Castricum;97;112;100;111;95;95;99;102;92;69
Coevorden;100;105;106;115;102;99;102;99;98;69
Cranendonck;102;107;105;123;103;102;106;99;98;69
Culemborg;98;111;111;102;97;97;99;98;85;67
Dalfsen;102;105;105;118;98;106;101;103;103;71
Dantumadiel;101;99;106;116;100;102;110;106;100;61
Delft;112;105;117;148;102;101;113;97;95;66
Deurne;101;106;104;114;104;98;107;104;102;62
Deventer;98;103;102;104;99;101;101;97;91;65
Diemen;96;106;102;94;96;94;103;96;89;69
Dijk en Waard;101;103;104;113;102;102;100;97;92;80
Dinkelland;105;107;104;124;100;104;114;110;104;62
Doesburg;94;100;112;116;88;89;102;95;87;68
Doetinchem;99;104;104;104;98;102;103;97;93;67
Dongen;100;107;108;109;99;99;105;101;99;63
Dordrecht;98;103;103;108;99;100;102;96;91;65
Drechterland;102;103;102;112;103;101;103;102;104;74
Drimmelen;100;101;102;114;98;99;101;100;99;70
Dronten;101;104;108;109;96;100;106;100;95;74
Druten;101;112;110;115;91;102;106;99;96;59
Duiven;98;103;105;111;85;96;105;97;98;68
Echt-Susteren;100;105;104;114;100;103;104;98;100;68
Edam-Volendam;100;108;100;110;97;102;105;101;93;75
Ede;99;102;106;103;98;99;103;100;91;65
Eemnes;96;109;101;113;90;95;89;97;96;71
Eemsdelta;101;103;107;113;100;102;107;101;96;69
Eersel;102;98;111;116;108;97;108;107;98;67
Eijsden-Margraten;100;108;110;110;100;93;101;104;98;76
Eindhoven;107;105;110;125;109;107;116;102;92;66
Elburg;101;113;106;110;101;104;98;101;92;66
Emmen;100;103;108;112;98;100;103;99;97;66
Enkhuizen;101;109;113;111;106;102;103;96;92;66
Enschede;105;106;111;123;104;105;112;98;92;63
Epe;100;108;109;114;100;99;105;100;94;66
Ermelo;99;109;109;111;100;97;104;98;90;68
Etten-Leur;97;106;106;101;97;102;94;94;94;68
De Fryske Marren;102;106;106;119;100;103;101;100;101;70
Geertruidenberg;99;104;105;107;97;100;101;100;95;70
Geldrop-Mierlo;99;113;103;110;102;99;103;96;91;68
Gemert-Bakel;103;99;102;113;104;101;109;110;102;72
Gennep;104;104;110;115;108;99;113;103;107;71
Gilze en Rijen;100;99;107;112;99;101;106;100;97;69
Goeree-Overflakkee;97;106;100;108;99;97;100;97;94;64
Goes;96;106;105;102;101;100;100;92;89;66
Goirle;98;107;111;112;94;99;97;93;95;70
Gooise Meren;94;105;107;103;93;95;94;97;83;61
Gorinchem;99;109;106;101;99;98;102;99;89;67
Gouda;97;105;100;99;98;100;106;94;90;62
's-Gravenhage (gemeente);99;105;103;98;102;106;101;98;89;62
Groningen (gemeente);99;105;96;96;107;102;114;98;91;61
Gulpen-Wittem;101;111;112;111;102;97;103;105;103;66
Haaksbergen;100;103;103;116;98;104;107;100;96;67
Haarlem;97;106;105;97;99;100;100;93;87;61
Haarlemmermeer;99;103;105;110;92;100;98;101;96;69
Halderberge;99;109;99;110;99;100;101;98;96;69
Hardenberg;103;102;108;113;105;106;107;104;101;63
Harderwijk;98;107;105;108;98;99;101;95;88;61
Hardinxveld-Giessendam;99;104;107;109;98;106;103;95;88;57
Harlingen;100;96;120;108;101;100;110;94;93;82
Hattem;98;119;105;105;94;100;99;97;88;66
Heemskerk;96;104;109;105;92;96;96;100;86;65
Heemstede;90;98;103;115;91;95;89;96;79;58
Heerde;98;103;105;104;96;101;102;100;94;63
Heerenveen;99;109;106;112;101;101;101;97;94;64
Heerlen;100;106;109;106;102;104;110;97;93;62
Heeze-Leende;101;105;115;110;106;97;106;103;96;69
Heiloo;98;108;106;126;96;98;100;99;84;74
Den Helder;99;106;107;109;100;100;100;96;94;68
Hellendoorn;100;102;103;110;104;102;107;103;94;62
Hellevoetsluis;98;104;101;106;99;97;99;95;93;74
Helmond;102;104;106;108;99;107;105;102;95;69
Hendrik-Ido-Ambacht;97;106;105;104;93;101;92;97;88;65
Hengelo (O.);102;104;109;110;103;102;112;100;92;64
's-Hertogenbosch;98;106;103;100;99;100;103;96;93;63
Heumen;99;110;114;109;98;95;103;98;92;75
Heusden;101;105;103;114;99;100;106;103;93;73
Hillegom;99;98;108;107;104;96;98;105;95;65
Hilvarenbeek;100;95;111;114;98;104;102;102;98;66
Hilversum;97;102;104;105;101;101;98;93;85;62
Hoeksche Waard;98;108;104;105;97;98;96;99;92;70
Hof van Twente;100;106;102;120;99;104;106;99;94;65
Het Hogeland;101;103;107;112;101;98;106;100;99;74
Hollands Kroon;103;103;108;114;102;101;107;103;102;81
Hoogeveen;101;101;108;115;109;103;105;96;93;64
Hoorn;97;106;104;103;98;95;100;91;93;68
Horst aan de Maas;102;105;105;111;100;100;108;105;100;68
Houten;97;106;106;106;93;92;93;98;99;66
Huizen;93;105;107;106;90;91;93;92;87;62
Hulst;100;107;105;112;100;104;101;101;97;67
IJsselstein;95;108;104;103;88;96;95;97;84;61
Kaag en Braassem;102;108;110;109;97;104;103;101;105;72
Kampen;100;109;106;106;101;101;102;96;92;64
Kapelle;99;98;119;109;92;96;98;100;101;67
Katwijk;99;105;106;104;98;101;103;96;93;60
Kerkrade;101;102;108;111;109;104;107;100;96;64
Koggenland;102;106;106;111;95;103;105;105;100;68
Krimpen aan den IJssel;93;109;101;109;88;93;93;90;85;69
Krimpenerwaard;98;106;101;102;97;99;104;100;93;71
Laarbeek;102;102;108;114;95;103;108;108;101;69
Land van Cuijk;102;107;105;112;102;103;106;103;101;68
Landgraaf;97;101;100;109;99;97;102;98;92;67
Landsmeer;93;100;99;108;92;98;86;92;90;70
Lansingerland;97;102;109;105;91;104;86;100;89;74
Laren (NH.);90;112;110;118;93;91;77;93;82;57
Leeuwarden;99;105;95;98;104;102;112;96;94;66
Leiden;94;104;94;81;100;99;108;98;95;64
Leiderdorp;94;106;103;112;95;95;93;94;82;59
Leidschendam-Voorburg;93;103;106;101;96;93;93;90;86;63
Lelystad;101;105;105;108;101;106;102;91;96;81
Leudal;103;103;107;117;103;102;112;102;103;67
Leusden;96;107;108;107;96;92;95;95;91;61
Lingewaard;98;104;105;110;94;102;98;95;99;66
Lisse;97;108;111;103;95;94;99;99;91;72
Lochem;98;101;109;127;95;99;99;99;93;68
Loon op Zand;98;105;103;100;101;98;97;99;103;66
Lopik;104;106;112;120;100;103;98;105;101;79
Losser;102;106;110;109;105;101;101;99;105;74
Maasdriel;104;104;116;119;102;101;109;108;98;65
Maasgouw;101;107;112;113;102;97;111;103;97;71
Maashorst;100;103;99;113;99;103;105;98;98;70
Maassluis;97;101;104;100;97;102;95;93;95;71
Maastricht;92;105;87;82;99;96;107;93;96;67
Medemblik;103;100;106;117;102;103;104;102;107;75
Meerssen;97;109;102;108;92;93;105;104;96;66
Meierijstad;102;105;103;112;104;101;108;101;102;66
Meppel;95;105;94;96;97;98;98;96;92;67
Middelburg (Z.);95;101;102;104;97;96;100;92;88;63
Midden-Delfland;100;105;106;126;88;98;93;104;105;76
Midden-Drenthe;100;107;105;113;102;99;102;99;98;67
Midden-Groningen;101;102;107;113;103;101;101;101;100;68
Moerdijk;101;111;106;115;97;103;98;102;99;63
Molenlanden;102;105;110;116;100;99;101;104;95;74
Montferland;100;108;107;111;94;103;104;104;93;70
Montfoort;100;100;105;108;97;97;103;101;92;85
Mook en Middelaar;98;117;110;119;92;98;98;97;91;67
Neder-Betuwe;102;105;105;114;102;103;106;99;95;62
Nederweert;103;106;111;106;110;103;105;107;100;70
Nieuwegein;98;106;102;104;103;97;103;87;94;74
Nieuwkoop;102;102;107;108;102;104;105;100;104;76
Nijkerk;100;105;102;111;98;104;99;98;90;72
Nijmegen;94;104;97;84;100;100;104;94;89;65
Nissewaard;96;106;110;105;93;93;95;92;92;69
Noardeast-Fryslân;101;96;101;115;107;104;103;107;95;69
Noord-Beveland;101;118;99;110;103;100;118;94;98;78
Noordenveld;99;102;114;126;99;98;95;96;95;74
Noordoostpolder;103;105;109;114;101;104;107;101;95;65
Noordwijk;101;107;111;116;101;97;104;97;97;73
Nuenen, Gerwen en Nederwetten;98;107;107;107;100;94;97;96;92;79
Nunspeet;98;106;105;107;98;99;99;98;89;64
Oegstgeest;93;104;105;96;95;93;93;93;84;64
Oirschot;102;106;110;111;101;102;105;104;102;59
Oisterwijk;99;113;102;110;98;99;105;97;94;72
Oldambt;101;107;108;106;100;103;104;100;101;66
Oldebroek;101;109;111;106;98;98;104;106;93;65
Oldenzaal;98;99;106;114;101;98;109;97;88;66
Olst-Wijhe;103;108;112;116;98;106;98;107;98;69
Ommen;103;108;101;117;109;102;100;108;98;70
Oost Gelre;102;94;111;121;107;103;109;105;95;63
Oosterhout;97;102;104;106;98;98;98;96;93;71
Ooststellingwerf;100;105;110;114;99;102;101;99;97;70
Oostzaan;97;102;111;106;95;95;90;103;90;72
Opmeer;103;105;104;113;99;103;112;107;100;68
Opsterland;101;109;107;112;97;103;103;101;93;72
Oss;101;102;107;110;102;103;108;99;94;71
Oude IJsselstreek;102;115;109;119;98;104;101;105;93;64
Ouder-Amstel;96;108;109;107;94;92;88;98;93;65
Oudewater;98;98;107;104;91;104;108;104;89;64
Overbetuwe;98;105;103;107;95;100;95;101;92;73
Papendrecht;97;106;107;108;94;101;94;92;89;71
Peel en Maas;104;105;106;115;101;104;112;108;103;69
Pekela;102;101;114;118;102;101;101;99;102;71
Pijnacker-Nootdorp;99;108;105;112;86;103;92;107;92;71
Purmerend;96;104;108;111;96;92;97;95;87;67
Putten;98;107;103;103;101;99;102;99;94;66
Raalte;101;105;107;110;101;101;103;99;99;69
Reimerswaal;102;108;101;105;105;101;109;106;96;68
Renkum;96;110;107;110;95;94;102;96;95;65
Renswoude;101;108;95;102;93;110;100;108;91;80
Reusel-De Mierden;105;102;102;107;113;101;109;106;114;74
Rheden;96;102;114;115;95;96;102;97;86;60
Rhenen;99;112;106;108;102;98;94;101;92;70
Ridderkerk;94;105;109;103;93;94;93;93;87;62
Rijssen-Holten;100;103;107;107;99;103;103;100;91;62
Rijswijk (ZH.);93;109;105;98;95;96;92;90;84;59
Roerdalen;101;102;103;114;100;100;104;105;100;71
Roermond;98;98;103;101;100;106;105;96;94;62
De Ronde Venen;98;105;105;110;93;95;98;101;93;72
Roosendaal;99;109;102;111;98;99;106;100;94;65
Rotterdam;98;106;103;97;101;101;103;95;88;63
Rozendaal;99;100;106;108;90;99;80;122;97;84
Rucphen;102;105;105;110;101;100;105;105;98;78
Schagen;100;102;109;119;94;101;102;96;94;76
Scherpenzeel;99;102;105;107;105;101;100;104;81;62
Schiedam;99;106;104;102;102;104;102;100;91;58
Schiermonnikoog;112;104;127;155;135;95;124;101;93;106
Schouwen-Duiveland;98;102;113;111;95;95;100;98;93;74
Simpelveld;97;111;102;109;99;96;100;101;94;64
Sint-Michielsgestel;101;106;109;115;101;97;98;107;97;76
Sittard-Geleen;98;107;105;109;101;97;108;96;94;62
Sliedrecht;98;109;99;108;98;99;102;98;91;61
Sluis;98;105;107;110;102;94;108;97;98;68
Smallingerland;100;109;105;108;103;102;108;94;88;66
Soest;96;107;101;108;97;95;95;98;87;64
Someren;104;107;111;109;109;101;111;109;94;71
Son en Breugel;97;98;106;108;100;98;97;107;80;72
Stadskanaal;98;103;101;116;99;99;105;99;89;65
Staphorst;105;112;108;111;109;104;110;106;88;71
Stede Broec;102;105;108;113;103;104;102;90;98;84
Steenbergen;103;115;113;118;102;98;106;102;99;66
Steenwijkerland;101;109;104;110;102;103;104;101;100;67
Stein (L.);98;106;111;108;97;94;104;97;97;71
Stichtse Vecht;96;103;103;105;97;95;98;96;89;70
Súdwest-Fryslân;102;106;107;114;100;102;108;100;97;71
Terneuzen;99;97;112;113;99;104;107;99;90;69
Terschelling;106;83;130;164;95;100;110;95;101;59
Texel;98;111;100;102;89;93;113;99;99;73
Teylingen;99;105;112;110;95;95;102;101;95;70
Tholen;100;103;103;108;99;97;105;102;99;69
Tiel;100;108;102;110;96;103;110;93;94;68
Tilburg;99;105;104;99;102;102;108;97;92;64
Tubbergen;106;114;107;118;101;107;115;108;100;60
Twenterand;103;103;110;118;103;103;104;107;93;64
Tynaarlo;97;104;106;123;97;96;94;99;91;70
Tytsjerksteradiel;100;101;104;105;105;102;104;97;97;71
Uitgeest;101;110;110;102;92;103;102;103;95;73
Uithoorn;97;100;102;112;96;95;96;101;89;66
Urk;103;105;101;113;107;109;101;98;85;54
Utrecht (gemeente);96;104;100;83;104;107;102;98;87;64
Utrechtse Heuvelrug;96;108;109;114;96;98;92;99;83;64
Vaals;106;107;127;156;104;97;107;100;93;75
Valkenburg aan de Geul;97;95;112;115;100;97;99;102;93;66
Valkenswaard;99;102;111;106;99;96;108;104;90;70
Veendam;100;113;103;112;98;106;104;94;96;66
Veenendaal;98;103;107;104;97;103;100;93;92;62
Veere;99;107;104;115;95;100;103;96;99;75
Veldhoven;100;105;109;113;98;100;103;102;95;70
Velsen;98;102;106;111;97;97;100;103;93;63
Venlo;100;103;104;106;102;102;102;102;97;63
Venray;104;109;104;120;105;103;111;104;99;67
Vijfheerenlanden;99;110;103;101;100;100;101;98;91;66
Vlaardingen;95;102;105;101;95;97;98;93;86;62
Vlieland;97;157;90;92;97;132;84;84;96;59
Vlissingen;99;102;106;105;108;100;106;97;92;67
Voerendaal;96;109;103;97;90;99;99;102;94;69
Voorschoten;94;107;103;102;93;92;94;97;92;62
Voorst;100;109;109;109;98;101;99;97;104;65
Vught;99;112;106;117;99;99;101;103;90;57
Waadhoeke;103;101;108;115;99;105;113;104;99;71
Waalre;98;106;116;112;98;102;92;101;85;69
Waalwijk;100;102;107;108;101;102;109;97;93;66
Waddinxveen;98;107;99;100;99;98;106;96;96;66
Wageningen;92;101;98;85;99;95;105;102;85;59
Wassenaar;91;94;102;119;87;91;85;95;86;65
Waterland;96;100;102;106;93;94;93;102;92;81
Weert;100;102;105;115;101;100;107;99;96;68
Weesp;95;104;98;98;98;100;91;95;90;64
West Betuwe;101;107;103;114;96;101;102;103;96;65
West Maas en Waal;100;110;100;100;100;103;108;102;103;60
Westerkwartier;101;106;107;112;100;104;101;100;95;69
Westerveld;99;101;106;119;94;99;105;98;95;74
Westervoort;97;108;104;112;94;89;99;96;95;68
Westerwolde;101;107;105;113;100;96;105;103;101;72
Westland;100;108;104;107;100;97;100;101;97;70
Weststellingwerf;101;108;112;116;97;101;106;97;100;66
Westvoorne;99;104;113;118;92;94;102;106;95;68
Wierden;101;104;105;112;101;100;105;102;95;67
Wijchen;97;99;103;109;94;96;99;98;95;70
Wijdemeren;97;108;105;108;94;99;90;101;88;73
Wijk bij Duurstede;97;109;110;101;93;95;97;92;98;74
Winterswijk;100;109;101;115;99;101;104;102;97;63
Woensdrecht;100;109;106;112;95;106;101;100;97;69
Woerden;98;105;105;104;96;100;101;96;90;69
De Wolden;100;105;105;117;96;99;100;103;101;68
Wormerland;97;107;104;110;89;94;101;105;88;75
Woudenberg;99;108;116;109;98;98;99;96;91;59
Zaanstad;98;103;107;105;98;101;97;98;88;69
Zaltbommel;101;112;110;108;101;98;99;102;91;71
Zandvoort;95;110;103;106;91;99;97;93;89;66
Zeewolde;104;111;111;113;95;98;108;103;101;77
Zeist;95;105;108;102;97;99;95;95;83;60
Zevenaar;98;106;99;106;102;102;100;98;91;64
Zoetermeer;95;104;106;105;94;91;94;92;94;67
Zoeterwoude;100;103;107;105;98;102;95;107;95;79
Zuidplas;99;109;103;105;97;97;96;100;95;68
Zundert;105;114;104;114;102;101;109;110;108;74
Zutphen;96;103;105;109;95;97;99;91;92;67
Zwartewaterland;103;102;109;118;101;107;104;97;98;67
Zwijndrecht;94;107;106;102;95;96;96;91;86;64
Zwolle;97;104;102;95;99;101;102;97;87;65
